neuron,n_recordings,EdgeStdFCV,ProfileEuclideanFCV,ProfileCorrDistFCV,ProfileTransitionEuclideanFCV,ProfileTransitionCorrDistFCV,EdgeStdFCV_z,ProfileEuclideanFCV_z,ProfileCorrDistFCV_z,ProfileTransitionEuclideanFCV_z,ProfileTransitionCorrDistFCV_z,cell_class,c_out,c_in,DCA,PostDCA,PreDCA,Log10_OutInput_degree,OO_fraction,OO_count,out_degree,in_degree,out_strength,in_strength
ADAL,12,0.29745975569900346,0.29120106558402215,0.5252850752146817,0.24360823146849406,0.3012358444304309,0.9367422664025478,0.7601928143596673,1.0147431618662968,1.2374113930012731,1.3994148587277297,Interneuron,0.0488784857946021,0.0056469542714571,0.0432315315231449,-0.0506460303835138,0.026422182501429,0.1663314217665249,0.5238095238095238,11,21,14,86.0,32.0
ADAR,1,0.22866504657953554,0.2211561475012287,0.7131634931634983,0.18819813690603662,0.38334687809952184,-1.8118814349389674,-1.9364509254360744,2.5618911945305034,-1.3507907847816738,2.8937353067783405,Interneuron,0.0486086414883051,0.0141533089876855,0.0344553325006195,-0.0456181331762736,0.0322677412610034,0.048304679574555,0.4444444444444444,8,18,16,97.0,46.0
ADEL,15,0.2583739838410002,0.25018607216586725,0.5595219697193016,0.20304201450108278,0.2940706044934345,-0.6248906017235454,-0.8188343051823651,1.2966783865485965,-0.657434156867302,1.2690162499829818,Sensory,0.0531048047597098,0.0293717946008489,0.0237330101588609,-0.03157723490657,0.1383355165121818,0.6989700043360189,0.5294117647058824,18,34,6,128.0,39.0
ADER,8,0.2231144557515376,0.21780686160240256,0.5453374792385173,0.16938924337463615,0.2648835988711556,-2.0336497322623814,-2.065394339163534,1.179871428190728,-2.229353068135757,0.7378484230803548,Sensory,0.0436800243181875,0.0129714985044479,0.0307085258137396,-0.0379609791744908,0.0557154811087681,0.3357921019231931,0.68,17,25,11,85.0,36.0
ADLL,9,0.28044200144728254,0.2773640217241742,0.6483970333029035,0.2291261383309311,0.33384193167848397,0.2568149394527971,0.2274835368952654,2.028549994141842,0.5609536952933921,1.9928057920588873,Sensory,0.0652994086313301,0.0042960685416676,0.0610033400896625,-0.0220011079190079,0.0364596536509274,0.3979400086720376,0.6666666666666666,16,24,9,148.0,19.0
ADLR,5,0.29648512522773657,0.29525578643819556,0.5886033808482442,0.2343924858172058,0.30244171229996497,0.8978018820668614,0.9162946117106439,1.536159049130607,0.8069444690065457,1.421360180014926,Sensory,0.0628092614443492,0.0086073537841361,0.0542019076602131,-0.0163826686176243,0.0130064956132039,0.1597008428675118,0.56,14,25,17,152.0,52.0
AIBL,16,0.2870621124047578,0.29057005551174014,0.19991998233340075,0.23199001284298784,0.13179688313112872,0.5213148423687025,0.7358996977747353,-1.6645851444111062,0.6947251011632617,-1.6841671308303179,Interneuron,0.0825139821547291,0.064797923779261,0.0177160583754681,-0.0362443906814683,0.0210420056080165,-0.1567861038602945,0.5,11,22,32,171.0,258.0
AIBR,16,0.29111443211577115,0.29575595284450795,0.20077831094090082,0.23734253570247058,0.13441977219719464,0.6832212178104828,0.9355504070681915,-1.6575169487611146,0.9447411213656972,-1.6364337557983328,Interneuron,0.0583709325201346,0.0672638966687261,-0.0088929641485915,-0.018654001099111,0.0187936784794492,-0.1035405919070695,0.0,0,25,32,129.0,286.0
AIML,3,0.32642703732284845,0.32775728731988424,0.3739457854131512,0.24849127798611295,0.188594544042644,2.0941009914240842,2.167562673484587,-0.2315111287410668,1.465498201567733,-0.6505191263055465,Interneuron,0.0036522831271764,0.0017880467271204,0.001864236400056,0.003309356207847,0.0051363806056892,0.3245110915135041,0.7222222222222222,13,18,8,59.0,20.0
AIMR,4,0.3174599539988551,0.3150613748231892,0.398025188403015,0.2458550523261295,0.22056483370569938,1.7358301582204665,1.6787855588516638,-0.03322118479633168,1.342360259859195,-0.06869893188278138,Interneuron,0.0065719655488039,0.0015644914262627,0.0050074741225411,0.006319478465967,0.0144970585762403,0.4586378490256493,0.8181818181818182,18,22,7,65.0,16.0
AINL,12,0.3046100786259682,0.30130524672762204,0.5009800745596021,0.24410669165688104,0.27749148443956084,1.2224262575241727,1.1491914394197225,0.8145954580589714,1.2606944383616645,0.967296529743786,Interneuron,0.0070563795422196,0.0014809431030809,0.0055754364391386,-0.0027406274381846,0.0163902618178463,0.2730012720637376,0.5714285714285714,8,14,7,47.0,8.0
AINR,11,0.2849239847218119,0.279456744636863,0.4587869055631178,0.22440685997496396,0.2559753337184901,0.4358880922441575,0.30805081138274404,0.4671416146773275,0.34051648768837484,0.5757288859188621,Interneuron,0.0057239804673577,0.0003816210464925,0.0053423594208652,0.0050045042788847,0.0082381453760399,0.6532125137753437,0.7058823529411765,12,17,3,52.0,6.0
AIYL,3,0.2760071617401403,0.26838412227466785,0.5157096205461061,0.22586419914167224,0.2935035411538492,0.07962536067962137,-0.11823161699903333,0.9358908593288764,0.4085887123403497,1.2586963903268837,Interneuron,0.0920450186433035,0.0124034889663841,0.0796415296769194,0.0387711934053101,0.0143317844181011,0.0,0.8333333333333334,10,12,12,191.0,121.0
AIYR,4,0.2718976756395952,0.27046508965716476,0.3687415855381605,0.2193779898643904,0.21639028637142885,-0.08456504060074756,-0.03811691605675431,-0.2743668632426033,0.10561826788290346,-0.14467059079643393,Interneuron,0.0920169353213301,0.0107346042986355,0.0812823310226946,0.0538733599112803,0.0090704486755844,0.0621479067488444,0.7857142857142857,11,14,12,202.0,130.0
AIZL,15,0.29070503059453845,0.285457094625519,0.5417155978359057,0.2397920772205385,0.3007545990301864,0.6668639900668303,0.539056952533011,1.1500458274231078,1.0591590580556787,1.3906567806719383,Interneuron,0.087693074138596,0.0636705410070691,0.0240225331315268,0.0204181099660161,0.047446765066353,-0.0579919469776867,0.55,11,20,23,248.0,216.0
AIZR,16,0.2635927587518371,0.2576197882487287,0.5636143059517623,0.2107512578351179,0.2944127765831521,-0.4163796770391724,-0.5326453212139244,1.330378105868018,-0.2973358653237364,1.2752433637771876,Interneuron,0.0798581203804093,0.0654407402937243,0.0144173800866849,0.020458202282866,0.0485028683518329,-0.048304679574555,0.5625,9,16,18,187.0,206.0
ALA,2,0.2842120069600508,0.2789009220234472,0.5646809735658168,0.22142231972691556,0.28398797337838894,0.4074417338562429,0.28665232007273955,1.3391619391502454,0.20110879256212547,1.085524687739558,Interneuron,0.0171410668157692,0.0027821678882367,0.0143588989275324,-0.0440910493247112,0.0339861142347755,0.1249387366082999,0.4285714285714285,3,7,5,25.0,12.0
AQR,4,0.2847737462036975,0.2838651997883612,0.39136822225990536,0.23013815703778095,0.23092360731953013,0.4298854627246901,0.4777709468593291,-0.08804021182598289,0.608225028102136,0.11981808630817697,Sensory,0.0529917830086745,0.0134465880568273,0.0395451949518471,-0.0209444244297973,0.0392952149138182,0.2596373105057561,0.5789473684210527,11,19,10,84.0,33.0
ASEL,14,0.30229120307557994,0.2980493710132671,0.4938781917163286,0.2339789817996043,0.2550168492636539,1.1297779073844847,1.0238442036318203,0.7561126147971353,0.7876297212637529,0.5582856404011838,Sensory,0.0169557042012879,0.0046740689819451,0.0122816352193427,0.0406559890302322,0.0092507197028675,0.109144469425068,0.7647058823529411,13,17,13,129.0,37.0
ASER,7,0.32412917663682694,0.31838800763046304,0.6103880422887169,0.25450623871098194,0.30948955662005073,2.002292269142675,1.8068568562401583,1.7155521718631241,1.7464566545412583,1.5496223320251494,Sensory,0.0170555250233331,0.0104356949479239,0.0066198300754091,0.0341258340724581,0.0167177457883876,-0.0871501757189001,0.7058823529411765,12,17,21,115.0,78.0
ASGL,15,0.26747168941495825,0.26539327664310264,0.2842944797592079,0.214548063601493,0.17661757913716555,-0.2614008873476538,-0.23337551850981247,-0.9697749627811358,-0.11998729678674913,-0.8684852480811895,Sensory,0.0121479342998781,0.0011576258977124,0.0109903084021657,-0.0052392339259711,0.0084972584535816,-0.2041199826559248,0.75,3,4,7,67.0,17.0
ASGR,12,0.24720828189278135,0.24643887691667365,0.24863280349692815,0.19296681521142744,0.1501965408879817,-1.0710050400256692,-0.9630967425884059,-1.263443032126519,-1.1280461085161106,-1.3493158496492312,Sensory,0.0134469040552008,0.0021609336240693,0.0112859704311314,-0.0032007243294031,0.0077206012072321,-0.3010299956639812,0.6,3,5,11,89.0,26.0
ASHL,7,0.29402994456173015,0.2880881430831517,0.5365140711258346,0.22898800811379183,0.280791178231561,0.7997075975494058,0.6403491025786179,1.1072121059973226,0.5545016411750853,1.0273469235259753,Sensory,0.080659043167272,0.0034784993803292,0.0771805437869427,-0.0173948774511531,0.022404898303346,0.2808266095756942,0.75,15,20,10,141.0,22.0
ASIL,5,0.35082012946270014,0.3466405789089061,0.6520251803923397,0.2707848963901705,0.3152881229058911,3.0687025569045074,2.8945463211788263,2.0584271918153223,2.5068317737204517,1.6551491508108915,Sensory,0.0064067584551045,0.0008741515947876,0.0055326068603168,0.0315659701679216,0.0068757177773339,0.4771212547196624,0.8823529411764706,15,17,5,43.0,17.0
ASIR,6,0.3145197810492994,0.30961556455380507,0.58605643583794,0.24783316464761673,0.29751116999007504,1.6183584927591304,1.4691285191547678,1.515185373681256,1.4347577671870633,1.3316303366014377,Sensory,0.0023453824989051,0.0010609364426987,0.0012844460562063,0.0078253633617394,0.019999902767536,0.414973347970818,0.75,9,12,4,27.0,6.0
ASKL,3,0.2832146104582889,0.2778327066792803,0.6228269403701847,0.2320514708286575,0.33733611171436473,0.36759175557350804,0.24552733485687356,1.8179844624123043,0.697595799970193,2.056395597758195,Sensory,0.007345707190727,0.0017085185066872,0.0056371886840398,-0.0047926839170861,0.0005737168630485,-0.2218487496163564,0.6,3,5,9,48.0,50.0
ASKR,3,0.2820528262785536,0.27858610348312357,0.5793805465982436,0.22344383244195373,0.3092766151688388,0.32117383226026963,0.2745321910302323,1.460210518047256,0.2955335296572803,1.5457470578924926,Sensory,0.0055622002435106,0.0003257506440948,0.0052364495994157,-0.0025467418219997,0.0013774354586308,0.2688453122925799,0.75,9,12,6,55.0,26.0
AUAL,16,0.26538113070695746,0.263548382966247,0.29502938846026416,0.2105760096152552,0.17661040285161844,-0.34492706672110196,-0.30440167030573595,-0.8813747459867104,-0.30552169911237864,-0.8686158477065372,Interneuron,0.0658202295119713,0.0104220299132391,0.0553981995987322,-0.0233954949985874,0.017243294126609,0.1597008428675118,0.6666666666666666,8,12,8,89.0,50.0
AUAR,7,0.24125487577263613,0.24162789622866426,0.270862536124224,0.19231120487758785,0.1605547689443554,-1.3088674189060836,-1.1483136192683672,-1.0803848209894547,-1.1586696277001103,-1.1608087599371535,Interneuron,0.0460950570197639,0.0160066944328904,0.0300883625868734,0.0397360446297983,0.0408527209317716,0.0,0.8,8,10,10,80.0,51.0
AVAL,16,0.2907897818892927,0.2960879679736751,0.19810799478101654,0.240745275577379,0.13457354993402065,0.6702501431658489,0.9483325837641191,-1.67950656544227,1.1036828958602296,-1.6336351889513956,Interneuron,0.0756057126166989,0.4231965727357935,-0.3475908601190945,-0.0295817709980234,0.086423045263819,-0.1727115184043006,0.0,0,42,63,266.0,660.0
AVAR,14,0.28261262185846375,0.287823378374923,0.18605923641007088,0.23213794692222842,0.12406697358003652,0.34353990399080386,0.6301559848977617,-1.7787261193067982,0.7016350930895017,-1.8248420363531177,Interneuron,0.067829516212605,0.4453720848818003,-0.3775425686691953,-0.0148945580873344,0.084795255557525,-0.1176394978668005,0.0,0,44,58,282.0,678.0
AVBL,4,0.3105248002038754,0.31349185527377965,0.3180028805521848,0.2501351955466169,0.18952647735024866,1.4587430342640764,1.6183609744100131,-0.6921917973463576,1.5422854917499575,-0.6335590792138814,Interneuron,0.0578532517101885,0.1226636938945907,-0.0648104421844022,-0.1313519933416719,0.0403147503096905,-0.3203351508593678,0.0,0,21,45,63.0,338.0
AVBR,2,0.2601219685354469,0.2616194973553764,0.21194151032296055,0.20701957987211414,0.1386006672473441,-0.5550516239557217,-0.3786614089093008,-1.5655898282820762,-0.4716423180901037,-1.5603465762145285,Interneuron,0.0588792872396612,0.1086862488278349,-0.0498069615881737,-0.1595382746962184,0.0233360646545585,-0.380211241711606,0.0,0,19,47,56.0,335.0
AVDL,16,0.22512431370926342,0.22055900106867735,0.42295363912038175,0.17715880072760454,0.2359531578800494,-1.9533478705401155,-1.9594403332783048,0.17206052827008156,-1.8664375124025774,0.21134975886483975,Interneuron,0.1711132878387832,0.1472306594486241,0.023882628390159,-0.1976308639164232,0.0793065898466523,-0.1931245983544615,0.1666666666666666,4,24,38,137.0,256.0
AVDR,12,0.2337758238867199,0.2294507361317117,0.45677926255743356,0.18140947537145558,0.2454948917984097,-1.6076854463432388,-1.6171194005118195,0.4506090029997978,-1.667888755950607,0.38499765326993923,Interneuron,0.2109015101611936,0.122497850142825,0.0884036600183685,-0.2185806460870022,0.0660833213264959,-0.1810546785872313,0.2857142857142857,8,28,43,153.0,226.0
AVEL,12,0.2771922767719461,0.2844162594844939,0.17035447240315302,0.22521156158611924,0.112167460938232,0.1269754448202592,0.4989860716750001,-1.9080522814175416,0.3781040514509656,-2.041398621600184,Interneuron,0.0559524348760565,0.1018416408326355,-0.045889205956579,-0.0709595308692544,0.0383452695813948,-0.3212333817522681,0.0,0,20,43,119.0,306.0
AVER,14,0.28090423114492963,0.2868824893232998,0.1862280809026843,0.22932991875643566,0.12627988066007084,0.2752828640748837,0.5939329063311906,-1.7773357125350944,0.5704722666881032,-1.784569832343877,Interneuron,0.1165810914730219,0.0984116508055127,0.0181694406675091,-0.1345850558722683,0.0269708710480729,-0.2382391658045257,0.28,7,25,44,133.0,295.0
AVHL,6,0.2358917710909719,0.23295952793674754,0.4023085874157461,0.1887758079754371,0.22458165178856415,-1.5231448950299913,-1.482035204337696,0.0020519052584725274,-1.3238078039426995,0.004402247448538799,Interneuron,0.0078174186638886,0.0043918291733963,0.0034255894904922,-0.0037987991755094,0.0136927022851149,0.1249387366082999,0.5652173913043478,13,23,17,47.0,37.0
AVJL,17,0.24253824897069745,0.23782550020334384,0.42535838357483147,0.1911967079073804,0.23637485324336993,-1.2575915281434382,-1.2947012190908782,0.19186320540767385,-1.210727714014546,0.21902409903692338,Interneuron,0.0154912636029921,0.0205402177923883,-0.0050489541893962,-0.0429685802419464,0.0227191287952743,-0.2272437815030625,0.0,0,15,26,33.0,95.0
AVJR,14,0.2361120212552372,0.23118366887130673,0.4803724986312061,0.18292119644296748,0.24895933515575921,-1.5143450203089184,-1.5504036079657797,0.644895441933213,-1.597276355802522,0.44804628776726957,Interneuron,0.0425623608135501,0.01889660375616,0.02366575705739,-0.069185953467657,0.0337457433925746,-0.2272437815030625,0.4,6,15,26,56.0,80.0
AVKL,2,0.3067044187401492,0.3059403478461883,0.38034107922098725,0.251859119037133,0.24064598709007132,1.3061035191942747,1.327637167629837,-0.17884693057968643,1.622809854101579,0.2967535144186407,Interneuron,0.0085562418742166,0.0061890883575313,0.0023671535166853,0.0133027442023605,0.0023213032229562,0.1249387366082999,0.6,9,15,11,35.0,73.0
AVKR,2,0.28587244701998415,0.28108319029430995,0.42171197241026603,0.2287033282360491,0.2366467443457103,0.4737829534326518,0.3706669814107839,0.16183560606372405,0.5412042612416478,0.22397218476566502,Interneuron,0.0095719807319577,0.0107428627804001,-0.0011708820484423,-0.0135462210341531,0.0070625858229213,0.1413291527964693,0.0,0,17,12,37.0,76.0
AVL,5,0.2619929976450993,0.2604814778122951,0.37439709202094995,0.20354270161482607,0.2014050347036175,-0.4802965298138201,-0.4224737704711774,-0.22779469266497424,-0.6340470919577204,-0.4173838546025905,Interneuron,0.0052896913366199,0.0085195375445586,-0.0032298462079387,-0.0069589402806569,0.020297522295537,0.048304679574555,0.0,0,18,16,53.0,62.0
AWAL,11,0.32459313394058237,0.32149073772657155,0.4720022666999391,0.2592413112219418,0.2620713534914591,2.0208292185365315,1.9263081728946665,0.5759679514487507,1.967631606174167,0.686668994591462,Sensory,0.0079828330617611,0.0069601365066834,0.0010226965550776,0.0234944405480528,0.06721188019773,0.255272505103306,0.875,7,8,4,54.0,18.0
AWAR,10,0.28801603951945703,0.28486396030183425,0.47474577750514557,0.23073093352909796,0.263147068303816,0.5594280448282302,0.5162220059786892,0.5985603140586196,0.6359135822885189,0.7062456893247662,Sensory,0.0113393480534379,0.002181830365595,0.0091575176878429,0.0178208159686248,0.010277817085978,0.0669467896306132,0.7692307692307693,10,13,11,93.0,21.0
AWBL,18,0.279440824813182,0.27514267151227867,0.4645099281161442,0.21506281631017996,0.247309507396244,0.21681392976847336,0.14196426859200975,0.5142697690469257,-0.09594322878499716,0.41802143913680884,Sensory,0.0189004009329195,0.0027191472703835,0.016181253662536,0.0439161015987454,0.0144368852043384,0.2304489213782739,0.625,10,16,9,74.0,28.0
AWBR,10,0.27650620626965117,0.27117522512018355,0.5322942111275386,0.2194479778205237,0.2887097667106936,0.0995641850368316,-0.01077756863267633,1.0724622493306528,0.10888740109614163,1.1714555549159131,Sensory,0.0075623116824749,0.0031544514592662,0.0044078602232087,0.041297358488301,0.0262123003665272,0.2498774732165999,0.9333333333333332,14,15,8,40.0,19.0
AWCL,17,0.2917049800173063,0.2878009443565922,0.4885242153465993,0.2286196062884339,0.25701515759986016,0.7068159677514742,0.6292923026100803,0.712023495366643,0.5372936141139536,0.5946524095778704,Sensory,0.0166118555703561,0.0065847524892848,0.0100271030810712,0.0358871084858854,0.014307224674721,0.0621479067488444,0.5714285714285714,8,14,12,67.0,57.0
AWCR,10,0.26470042974550223,0.2633255637091697,0.4491180159277901,0.2063140864905712,0.23125249166183534,-0.37212379187815814,-0.3129799393814908,0.38751989047577556,-0.5045958714261785,0.12580337934115648,Sensory,0.0147067377552298,0.0095105234895486,0.0051962142656811,0.0309666411000358,0.0160595269847306,0.0791812460476248,0.7647058823529411,13,17,14,111.0,62.0
BAGL,7,0.31142478045940464,0.3099968370909942,0.3414766049387393,0.2406205128737891,0.19056333809834308,1.4947008439960898,1.4838070458589006,-0.498889517603649,1.0978552374942356,-0.6146894809586376,Sensory,0.0384290659426616,0.0079133639507171,0.0305157019919445,0.0300907143407224,0.0161606786518617,0.3010299956639812,0.5789473684210527,11,19,9,78.0,36.0
CEPDL,18,0.25882780898734165,0.25549991007193873,0.34693080824088024,0.2036865922838584,0.20181320832983304,-0.6067584725312741,-0.6142580401811069,-0.45397504578306547,-0.6273259674786356,-0.4099555935181311,Sensory,0.0319287869299071,0.0119037030967097,0.0200250838331974,0.0018778648141152,0.0311642340545338,0.109144469425068,0.6538461538461539,17,26,20,175.0,41.0
CEPDR,17,0.23820530831069392,0.2354475986085099,0.3561543105034381,0.18371111011085917,0.1937830208650252,-1.4307098325454521,-1.3862475243057668,-0.3780210137256003,-1.5603795359785944,-0.5560951900393609,Sensory,0.0145604018941455,0.0045324933147365,0.0100279085794089,0.0292962675616043,0.0358032711083191,0.3010299956639812,0.5714285714285714,12,21,10,138.0,20.0
CEPVL,15,0.2485317551025673,0.24517236601118625,0.33706824358018095,0.19262847851290196,0.19111563660108766,-1.0181269934568409,-1.0118558645653737,-0.5351916521310143,-1.1438497953147406,-0.6046383232859066,Sensory,0.0304871621491778,0.0168232652564016,0.0136638968927762,0.008011582336464,0.040540942258045,0.1962946451439682,0.5714285714285714,12,21,13,138.0,44.0
CEPVR,11,0.23965536722385475,0.23648104208164297,0.35061045575208244,0.19178224590144743,0.20428461463345143,-1.3727741809805343,-1.3464612136277665,-0.4236737505624236,-1.1833772695984883,-0.3649790196045534,Sensory,0.021202510203918,0.0166600098375486,0.0045425003663694,0.0209005380391964,0.0403269229414609,0.0202033860882869,0.6190476190476191,13,21,20,122.0,60.0
FLPL,16,0.25792229232200703,0.25216892756450304,0.500633875360512,0.20514512712038785,0.272715367076496,-0.6429374839720555,-0.7424967957097841,0.8117445642967713,-0.5591978931613704,0.8803770316081301,Sensory,0.2544461877441418,0.0124934598411901,0.2419527279029516,-0.1149491501054033,0.080275585349633,0.3273589343863303,0.5,8,16,7,241.0,25.0
FLPR,9,0.22608074679761986,0.2193851408306294,0.5355571685265038,0.17416378543034552,0.2718735002756929,-1.9151345444129781,-2.004632517793183,1.0993321696524825,-2.006334496446187,0.8650560848515116,Sensory,0.1370130320348636,0.00387862312235,0.1331344089125136,-0.0595770609716446,0.0560912591379397,0.4771212547196624,0.5294117647058824,9,17,5,170.0,11.0
IL1DL,15,0.25198909941527153,0.2479427182146173,0.35643668410447327,0.19852334578526543,0.20899176960467156,-0.879992264155283,-0.9052006905585838,-0.37569571332075613,-0.868500900270446,-0.27931455270739486,Sensory,0.0091440088516174,0.0114305698693937,-0.0022865610177762,-0.0470399069015458,0.0336350446821504,0.0579919469776867,0.0,0,7,6,32.0,56.0
IL1DR,16,0.2684767203973977,0.2661973918678844,0.31929352956723456,0.20956192207947186,0.18528218051057257,-0.22124588103578297,-0.2024180651165619,-0.681563513872956,-0.3528896667959291,-0.710800093870746,Sensory,0.0540625868977766,0.0054757329219222,0.0485868539758544,-0.0867933481889605,0.0026435777515531,-0.041392685158225,0.5555555555555556,5,9,10,94.0,63.0
IL1L,15,0.2875354355233786,0.2851256071814091,0.38826322403434255,0.22388971153509044,0.22384910196736643,0.5402259935151483,0.5262950910668701,-0.11360936419884395,0.3163605152272742,-0.008929263897951971,Sensory,0.0673965248892423,0.0034977192365811,0.0638988056526612,-0.1317128809018447,-0.0039304772272032,0.1139433523068367,0.5,6,12,9,76.0,33.0
IL1R,13,0.2774475767298586,0.27762622658056996,0.24682344840221893,0.22248889976458727,0.16202324367983534,0.13717569894229092,0.2375781034091122,-1.278342775299431,0.2509286818454783,-1.1340843146754274,Sensory,0.0647318883846764,0.0085112511694956,0.0562206372151807,-0.1190846052040121,-0.0438247959518256,-0.0321846833714012,0.25,3,12,13,77.0,35.0
IL1VL,11,0.26936783640091105,0.26486647120340134,0.4384757015912177,0.2101837927373484,0.24265775745245996,-0.18564223361504725,-0.25365688409555953,0.29988217312333487,-0.323842125842878,0.33336527601714516,Sensory,0.0419558718869163,0.0067215960103182,0.035234275876598,-0.1106772305974841,0.0182299836093794,0.1549019599857432,0.4444444444444444,4,9,6,61.0,55.0
IL1VR,12,0.27899730669398315,0.2779735690080191,0.322181700266233,0.2200717330921356,0.1945900666176377,0.19909360752265415,0.25095036235642226,-0.6577799007057897,0.1380229722431966,-0.5414079437978704,Sensory,0.0558438431338292,0.0076571138206982,0.0481867293131309,-0.115110472722582,0.0178492388328706,0.0,0.625,5,8,8,77.0,63.0
IL2DL,16,0.24728051129128276,0.24287269524951513,0.5352794018615586,0.19075531496277853,0.2746116847770712,-1.0681191867500948,-1.1003903783144175,1.09704480661259,-1.23134515185683,0.9148876958799953,Sensory,0.0083005260441696,0.0002051224527916,0.008095403591378,-0.0110232982195794,0.0088692614077105,0.6690067809585756,0.2307692307692307,3,13,2,85.0,2.0
IL2DR,16,0.2465577754544054,0.24073062388712996,0.5276836300655833,0.19436033926417184,0.2865427624353147,-1.0969953732544986,-1.1828575078032975,1.0344948686313629,-1.0629546839916402,1.1320187258441734,Sensory,0.0100131998556881,0.0026402819747694,0.0073729178809187,-0.000330936826991,0.0282467465529815,0.414973347970818,0.4166666666666667,5,12,4,115.0,14.0
IL2L,15,0.24700243815277187,0.24344533159666473,0.4301326950935135,0.19188034773156348,0.2356390488466236,-1.079229320494394,-1.0783445788048054,0.23117887962985756,-1.1787949390257684,0.20563335839353172,Sensory,0.0119609874415818,0.0035258985926556,0.0084350888489262,0.0214399059599487,0.0207946452853961,0.146128035678238,0.6153846153846154,8,13,9,107.0,15.0
IL2R,11,0.25460143601747054,0.2514691221439062,0.35570171344093365,0.20313360545767864,0.2176551738591173,-0.775618971607205,-0.7694384491256248,-0.38174807648506065,-0.6531559488043394,-0.12165118459880199,Sensory,0.0063348339224235,0.0028515247971367,0.0034833091252868,0.0348992853034019,0.0434480259894494,0.3590219426416679,0.6666666666666666,10,15,6,87.0,11.0
IL2VL,11,0.23731660818484054,0.23154050855893632,0.5529853013273832,0.18445267492296738,0.28174485776815056,-1.466216955993911,-1.5366657161087347,1.2428499918178622,-1.5257410882946214,1.0447027254046408,Sensory,0.0124798931973487,0.0019687035538685,0.0105111896434801,0.0085666374188124,0.0879947238929901,0.8129133566428556,0.6666666666666666,8,12,1,103.0,4.0
IL2VR,13,0.2545067315400118,0.24854058340556015,0.5432042431110341,0.19788583650864786,0.27585467777191164,-0.7794027941525437,-0.8821836113967214,1.162304577703713,-0.8982789201624454,0.9375086490695411,Sensory,0.0154204035266511,0.0036790565008367,0.0117413470258144,0.0041169460878454,0.0259245979936008,0.3979400086720376,0.5714285714285714,8,14,5,150.0,14.0
OLLL,16,0.29725001687091596,0.29564085526535683,0.3584486862765352,0.23873555362662036,0.21475428430094015,0.9283623615908017,0.9311192909390148,-0.35912720462131753,1.0098089046540144,-0.1744438287858207,Sensory,0.0912537537273655,0.0104589530983625,0.080794800629003,-0.0479790230159389,0.0389772717467841,0.1346985738974561,0.4285714285714285,6,14,10,165.0,37.0
OLLR,17,0.2936634825737412,0.2922163524903889,0.342958286865285,0.23304359299072896,0.20335702998975172,0.7850659758503015,0.7992801194074703,-0.4866881093593355,0.7439377663713811,-0.38185992632854215,Sensory,0.0876623796173919,0.0120872451264383,0.0755751344909535,-0.0655555465092243,0.0191452047984927,0.041392685158225,0.4285714285714285,9,21,19,158.0,64.0
OLQDL,17,0.29342131049145737,0.2916786052052312,0.3691249286998666,0.2286978992122712,0.20650835006481458,0.7753902328507545,0.7785775061443833,-0.2712100950254555,0.5409506718681565,-0.32450975283667616,Sensory,0.0141944693849425,0.0115208119700206,0.0026736574149218,-0.0326671478443269,0.0288424075297569,0.2632414347745814,0.5,5,10,5,39.0,62.0
OLQDR,16,0.27598816554572914,0.27417761097620136,0.3525609637201576,0.21876779670985821,0.21189110456853757,0.07886638675761383,0.10481061741547863,-0.4076116365716327,0.07711618240733634,-0.2265502002366505,Sensory,0.014297730004859,0.0060730992970907,0.0082246307077683,-0.0663809698349079,0.0168308790072615,-0.0871501757189001,0.5,4,8,10,28.0,49.0
OLQVL,16,0.2935227065584287,0.29127023676753605,0.35844141010210084,0.23097566536567782,0.21111740318781086,0.7794414111530898,0.762855820386408,-0.3591871227273158,0.6473449916266646,-0.24063061966681212,Sensory,0.0200623230649858,0.0174608836504977,0.002601439414488,-0.0640467284785841,0.0290035707616337,-0.2430380486862944,0.4285714285714285,3,7,13,36.0,80.0
OLQVR,12,0.2809612852852454,0.278676875554015,0.407466304210746,0.2155224100283201,0.22106086261606103,0.27756240510847147,0.2780268048211759,0.044524859201469376,-0.0744756339075898,-0.059671812012815524,Sensory,0.0363002633213959,0.0096305443751708,0.026669718946225,0.0031116311161349,0.0084779199831974,-0.146128035678238,0.5555555555555556,5,9,13,90.0,71.0
RIAL,12,0.3010095939016118,0.29510661412167555,0.4793341274020304,0.24378929722073592,0.2724495548637222,1.0785724964377195,0.9105516598376895,0.6363446247508372,1.2458689633767586,0.8755395742392426,Interneuron,0.3454455440256369,0.2051674839254974,0.1402780601001394,-0.1068063283929411,0.0354208623053253,-0.1210436927247757,0.3703703703703703,10,27,36,400.0,434.0
RIAR,8,0.2873336376524244,0.28281726810056884,0.5358050542756327,0.231828176612573,0.2924482368758281,0.5321633616923762,0.4374268576239233,1.1013734682395018,0.6871657405934695,1.2394911423705934,Interneuron,0.4136600387534331,0.1695153973588497,0.2441446413945833,-0.1128020250203806,0.0216750078415793,-0.1413291527964693,0.32,8,25,35,447.0,421.0
RIBL,10,0.2646770473906814,0.26809898062832804,0.18432041935934385,0.21361574744784248,0.1261065689276957,-0.3730580104463647,-0.12920922189320153,-1.7930449932283798,-0.16353572813874018,-1.7877238940333078,Interneuron,0.0404782168788827,0.078570027683547,-0.0380918108046642,-0.0017944493823752,0.0543817177280562,-0.1249387366082999,0.0,0,17,23,82.0,218.0
RIBR,3,0.2525414243696053,0.2573460060604133,0.16124353328955066,0.21076087140221725,0.11585646418976174,-0.8579246737874276,-0.5431856008572767,-1.9830793743600286,-0.2968868161838766,-1.9742632715094548,Interneuron,0.0349234984570542,0.0860313724136596,-0.0511078739566054,-0.0082841723681434,0.0584895164387817,-0.0202033860882869,0.0,0,20,21,61.0,226.0
RICL,16,0.2702414988380922,0.26779645762915955,0.37033684330090033,0.21184194799530903,0.21183300813761308,-0.1507359259564504,-0.14085598762840712,-0.26123017656958897,-0.24638979367047134,-0.2276074842679185,Interneuron,0.0951204447533117,0.0118476041217332,0.0832728406315784,-0.1487716846368256,0.0147470578981035,0.0669467896306132,0.45,9,20,17,94.0,88.0
RICR,10,0.2522446195212691,0.24944187674595578,0.4308824695921518,0.1968840185190916,0.23171588561962472,-0.8697832142370034,-0.8474849193199511,0.23735314995411647,-0.9450737780811402,0.1342365829641726,Interneuron,0.0905812549454138,0.018376140676365,0.0722051142690488,-0.125830984124138,0.0181399683287867,0.0193051551953866,0.4090909090909091,9,22,21,99.0,105.0
RID,14,0.29303886754917097,0.29364822951937475,0.25729441229969574,0.24127418655416208,0.17765904435265065,0.7601101081284638,0.8544056350345706,-1.1921161007779721,1.1283882957115197,-0.849531854147499,Interneuron,0.0005853074420018,0.0159813441927914,-0.0153960367507895,0.0108227569268958,-0.0239406992120579,-0.2218487496163564,0.0,0,8,14,16.0,55.0
RIH,14,0.28739625008388486,0.28505909205854996,0.366038965648713,0.22466720983394467,0.20538970108074417,0.5346649786817281,0.5237343401291951,-0.29662249585143724,0.3526774139116612,-0.3448677970165134,Interneuron,0.0985510824411609,0.0105563585481708,0.0879947238929901,0.0518737270452255,0.0104559454494933,0.0791812460476248,0.7931034482758621,23,29,24,266.0,110.0
RIML,7,0.27711465241894684,0.28366543424640767,0.17941342099978427,0.22968057450315893,0.1234001363970214,0.12387404154105511,0.47008021764041247,-1.8334533218760445,0.5868513754856579,-1.8369776580055712,Interneuron,0.0948236193503388,0.0698418315433531,0.0249817878069856,-0.0410927478715281,0.0277581148191426,-0.0170333392987803,0.375,9,24,25,174.0,207.0
RIMR,7,0.2820151647613994,0.287589098890679,0.18682344266992762,0.23926631440481477,0.13469284617513502,0.31966910406236665,0.6211365110823687,-1.7724330057901136,1.034600708617751,-1.6314641431795058,Interneuron,0.0810545124267285,0.1036615293802206,-0.022607016953492,-0.043059513472717,0.0455336622273041,-0.0725506671486117,0.0,0,21,25,153.0,249.0
RIR,4,0.31295907495149566,0.31236518049167405,0.4869900949626239,0.24032642014757916,0.2443561340639403,1.556002043750792,1.57498537228054,0.6993902650049515,1.0841181839761491,0.36427365441186665,Interneuron,0.0293406036217158,0.0162943542693672,0.0130462493523485,0.0444727599698452,0.0268520614976934,0.088941083336781,0.8461538461538461,22,26,21,103.0,70.0
RIS,3,0.2853332781843992,0.2846323947406933,0.3874973308433253,0.21959320619472042,0.20489996224602214,0.4522410026128587,0.5073070148859029,-0.11991636931763314,0.11567100970283976,-0.35378044519822893,Interneuron,0.068907915863295,0.0089077718043851,0.0600001440589098,-0.0219287788226396,-0.0137384618947002,0.136219747017989,0.4,10,25,18,181.0,37.0
RIVL,18,0.31164251056693654,0.3089647026372517,0.4235478776814675,0.257734375316977,0.25692110153512826,1.5034000323743493,1.4440711308276009,0.17695398559612474,1.897242720867126,0.5929407041649478,Motorneuron,0.0248679297695756,0.0256423152642051,-0.0007743854946294,-0.0142884036173601,0.0324876634470004,-0.104735350520013,0.0,0,10,13,44.0,42.0
RIVR,16,0.3125394040200995,0.30974025846308123,0.4500582203621408,0.258488558820611,0.2702269600812898,1.5392345120094135,1.4739290822654674,0.395262320164023,1.9324705868718164,0.8350910658876847,Motorneuron,0.0221701966153115,0.0331655187193868,-0.0109953221040752,0.0019053193605542,0.0898898680120463,0.0321846833714012,0.0,0,13,12,52.0,35.0
RMDDL,16,0.26140644775604255,0.25863052909321066,0.3193775518518567,0.20688326305955249,0.18784508805131878,-0.5037315431704567,-0.49373303399265306,-0.6808716041061382,-0.4780096681898733,-0.6641583092838617,Motorneuron,0.0279884211556763,0.24051226023573,-0.2125238390800536,-0.0754488343026981,0.0582212357254226,-0.4313637641589873,0.0,0,9,26,41.0,309.0
RMDDR,12,0.2431975809919437,0.23929379355013766,0.39389625463032835,0.18916192309959276,0.21602416214862633,-1.2312485775903124,-1.2381737197348905,-0.06722227887172051,-1.3057723897621996,-0.1513336041359724,Motorneuron,0.0364161701557001,0.2324896248763036,-0.1960734547206034,-0.1916640041512533,0.0618211414162167,-0.7403626894942439,0.0,0,3,21,30.0,290.0
RMDL,14,0.30058773464150473,0.2979451905098474,0.3952436487111474,0.23277438242256793,0.2123455243189065,1.0617175322144234,1.0198333815758442,-0.0561267090658765,0.7313629569562629,-0.21828031621946828,Motorneuron,0.0629871521412381,0.103970152205671,-0.0409830000644328,0.059394912417754,0.0471625234151796,-0.0157942671832319,0.0,0,26,27,95.0,180.0
RMDR,5,0.2777035488588672,0.274448118821113,0.3581427071461073,0.22033942420687205,0.21046654761697878,0.14740280898725322,0.11522483883956992,-0.3616468926985654,0.15052680808042088,-0.2524753955119388,Motorneuron,0.0578955885766969,0.1413504575267968,-0.0834548689500998,0.0535552292500498,0.0671156029426061,-0.3309932190414244,0.0,0,13,29,71.0,200.0
RMDVL,14,0.26435338897856686,0.2610911582263328,0.3659701415455996,0.21023644121594343,0.20726471844496666,-0.38598945814144286,-0.3990018196603063,-0.29718925108013433,-0.3213829185805086,-0.31074477283075963,Motorneuron,0.0517781043869961,0.2454937422646028,-0.1937156378776067,-0.1382482450584932,0.0752928416535763,-0.2430380486862944,0.0,0,11,20,58.0,277.0
RMDVR,14,0.2592125326069879,0.25462827169232904,0.41170323043118434,0.19578674897811887,0.21381546472705787,-0.5913872256292889,-0.6478150525108503,0.07941525341524447,-0.9963271722142136,-0.19152919750662087,Motorneuron,0.0558901936205764,0.2228200938338334,-0.166929900213257,-0.1408615511985976,0.0708327969591204,-0.2477844837107561,0.0,0,12,22,64.0,269.0
RMED,3,0.30613671476237253,0.3064879917686509,0.2510304091956501,0.23961521769525643,0.1564198592076486,1.283421475347661,1.3487207893338464,-1.2436991414743594,1.0508979602880013,-1.2360590630243802,Motorneuron,0.005067764103388,0.0086706635428589,-0.0036028994394709,-0.1161553818148788,-0.0362869662245754,-0.4771212547196624,0.0,0,4,14,7.0,73.0
RMEL,15,0.294148081172621,0.29352374628760497,0.27853480911619916,0.23100275295720527,0.16812352158970004,0.804427627517507,0.8496131827503844,-1.017204908175675,0.6486102513945072,-1.0230667131160684,Motorneuron,0.0003684194779962,0.0070440812822718,-0.0066756618042755,0.0299403921694243,0.0152548246003603,-0.4149733479708179,0.0,0,4,12,5.0,73.0
RMER,17,0.27869339704866936,0.28156827125329004,0.20590490487175742,0.22769330774387417,0.13916068642611173,0.18695120202566806,0.38934200548293146,-1.6153002865122668,0.4940262649199493,-1.5501549116751987,Motorneuron,0.0002153831849629,0.0108925839611838,-0.0106772007762209,0.0352811430380435,0.0176861883629082,-0.7533276666586115,0.0,0,2,16,7.0,84.0
RMEV,6,0.2734652645298869,0.27094911620720763,0.28635353543075304,0.21316977213935717,0.16782094126688632,-0.02193359651203263,-0.019482485440028778,-0.9528189762119654,-0.18436720792186914,-1.0285733051458372,Motorneuron,0.0050040560477985,0.0109314478079501,-0.0059273917601516,-0.0497425749578729,0.0050314622575741,-0.3245110915135041,0.0,0,8,18,10.0,93.0
RMGL,6,0.2165616416352001,0.2112334016754178,0.5386286181283845,0.16621856456618,0.26285090658959265,-2.295460857291961,-2.3184645125050047,1.124625054598275,-2.3774552842012135,0.7008559081258444,Interneuron,0.0465721148450494,0.0074243133607405,0.0391478014843088,-0.064570897442933,0.0069226372171253,0.1691423991003534,0.4666666666666667,14,30,20,91.0,57.0
SAADL,3,0.257606386922777,0.25476325387527843,0.33243968804662843,0.19409365330450998,0.18763754058820112,-0.6555591678023855,-0.6426184034376916,-0.5733070496630698,-1.075411569095905,-0.6679354194263016,Interneuron,0.0510083097367882,0.0088612988911434,0.0421470108456448,-0.1010687288441655,-0.0008080246668527,0.0,0.2857142857142857,4,14,14,59.0,75.0
SAADR,4,0.2577650490827391,0.2538624155808179,0.3171246219677106,0.20348209631884634,0.18504636565349153,-0.6492199801096137,-0.6772995768021015,-0.69942411309595,-0.636877961680621,-0.7150916360319427,Interneuron,0.0822206858769137,0.0169744699683857,0.065246215908528,-0.1204589684187786,0.0181883324272895,0.0579919469776867,0.4,6,15,13,87.0,68.0
SAAVL,11,0.274273518016436,0.26948623076367545,0.4150868518228085,0.2147456586967542,0.21876240958414514,0.010359362034573638,-0.0758017871297888,0.10727882197455621,-0.11075764179495408,-0.1015008477830562,Interneuron,0.1566829837466338,0.0132612421206617,0.143421741625972,-0.1512837405952934,0.0015495056890599,0.0917703733556453,0.25,5,20,16,151.0,62.0
SAAVR,4,0.25676907280341355,0.25424463707426476,0.41701396379461864,0.1922164149196343,0.2059602647867082,-0.6890132148273329,-0.6625845164418263,0.12314827376396777,-1.163097260923707,-0.33448423497083746,Interneuron,0.1123290443815807,0.0115084924727947,0.100820551908786,-0.1553687869686359,-0.0550444047887704,0.1346985738974561,0.2857142857142857,4,14,10,108.0,44.0
SMBVR,2,0.30295457129977293,0.30096719387938464,0.34384324922004067,0.25253567138396765,0.22586227080037208,1.1562821203838782,1.136176817918674,-0.479400589158292,1.6544115734505305,0.027707948156424394,Motorneuron,0.0070250805030563,0.0256593540115822,-0.0186342735085259,0.0171129176168821,0.0277254575230129,-0.0791812460476248,0.0,0,14,17,56.0,95.0
SMDDL,6,0.2724544321072679,0.2702994885712314,0.34495361557104864,0.21408944281002495,0.19598553614654965,-0.06232039355583078,-0.044492355473467596,-0.47025690392688596,-0.14140944631793564,-0.5160121040610526,Motorneuron,0.0403109213280569,0.1532627732538385,-0.1129518519257815,0.0352876123337124,0.0629079901978606,-0.1139433523068367,0.0,0,19,25,95.0,220.0
SMDDR,4,0.25505363326248975,0.2525065879012974,0.28620746961944676,0.1974887652884207,0.1709041966806203,-0.7575518835818351,-0.7294972854195803,-0.9540218042699682,-0.9168260929301887,-0.9724618252943812,Motorneuron,0.0214864855380517,0.1742205195423269,-0.1527340340042751,0.0087023418880462,0.0624276012326744,-0.1684044303893902,0.0,0,18,27,71.0,238.0
SMDVL,16,0.2929544528698112,0.2904124375975316,0.37868444693660297,0.23077977781182735,0.21939481102416797,0.7567374041603945,0.7298316007126797,-0.19248902639684093,0.6381950957912607,-0.0899919145620816,Motorneuron,0.0777479692941658,0.1440133355601709,-0.0662653662660051,0.0353375882419749,0.0865327352777593,-0.20712549279565,0.0,0,17,28,163.0,169.0
SMDVR,12,0.2735408271185262,0.2696096745220939,0.39161867434777925,0.21091283541199843,0.2152733117721448,-0.01891456896286515,-0.07104935329922205,-0.08597777985928255,-0.2897885864449444,-0.16499816321976848,Motorneuron,0.0639169316623753,0.1360185214652212,-0.0721015898028459,0.0272627736396793,0.0623310882135218,-0.1674910872937636,0.0,0,16,24,140.0,171.0
URADL,8,0.26434335326892766,0.2585170468292543,0.504742624241211,0.21166984672616462,0.28664081794891144,-0.386390424868785,-0.4981019624610115,0.8455794390891306,-0.2544286335807098,1.13380321633789,Motorneuron,0.0025582324434584,0.0025780684671335,-1.983602367512747e-05,-0.006445655224464,0.008569245915579,-0.0791812460476248,0.0,0,4,5,27.0,32.0
URADR,4,0.25495628718846863,0.24630215911851253,0.6379576693938149,0.20686729166504572,0.3324173445277616,-0.7614412484721255,-0.9683602107260099,1.942583540354626,-0.4787556910647854,1.9668800471957348,Motorneuron,0.0028396220730899,0.0029881797410297,-0.0001485576679397,-0.0164230688380995,0.0245333262156603,-0.0791812460476248,0.0,0,4,5,21.0,21.0
URAVL,7,0.2820228559585268,0.27558020524602683,0.49588385478501035,0.22695217562703915,0.26867174252455395,0.31997639814045276,0.15880878260324502,0.772628922017391,0.4594080284061112,0.8067880073052842,Motorneuron,0.0141338656413987,0.0065158205534831,0.0076180450879155,-0.0316193482880172,-0.0198106262262553,0.1597008428675118,0.4166666666666667,5,12,8,57.0,33.0
URAVR,2,0.2497707905955836,0.24088837878050662,0.5884824626299077,0.20161120043181113,0.31282866966265527,-0.9686225712927212,-1.1767841372106804,1.535163307386265,-0.7242673958165178,1.610390107985991,Motorneuron,0.0056163215042282,0.0033878446383292,0.002228476865899,-0.0013509457379679,0.0179200981281793,0.2430380486862944,0.5384615384615384,7,13,7,42.0,27.0
URBL,15,0.25726655440882,0.25404722179156036,0.3540788006625115,0.20231051976908193,0.20417119094347042,-0.6691368355373637,-0.6701847635520529,-0.39511249768752915,-0.6916022317163225,-0.36704319212386477,Interneuron,0.0065487934024625,0.0028028767703239,0.0037459166321386,0.0151356690304579,0.0224793630567143,0.5563025007672873,0.5882352941176471,10,17,4,63.0,16.0
URBR,9,0.24278440904310766,0.23897669594847099,0.40311468898050623,0.1895625489000556,0.22579062289691074,-1.2477564489925739,-1.2503815898537187,0.008690019756466313,-1.2870591827658606,0.026404043889018475,Interneuron,0.006507231187288,0.0067352683890753,-0.0002280372017873,0.0219748405314457,0.0282070519255408,0.4436974992327127,0.0,0,24,8,71.0,37.0
URXL,15,0.25474524659073194,0.25247331151804253,0.2938108811405407,0.1997915395607788,0.17697884832590516,-0.7698731641864139,-0.7307783855056871,-0.8914089544023394,-0.8092636454425429,-0.8619105904272637,Sensory,0.0287119747567123,0.0118891403606802,0.0168228343960321,0.0381057915407909,0.0200050339790527,0.1249387366082999,0.782608695652174,18,23,17,89.0,70.0
URXR,14,0.2426040670951719,0.23982140345244618,0.35566098864684115,0.1887559657428745,0.1992967289485717,-1.2549618309003818,-1.217861383321951,-0.3820834385013516,-1.324734633429928,-0.4557524423517625,Sensory,0.0407230929713531,0.0133391048434014,0.0273839881279516,0.0304554844923097,0.0238950085354862,0.088941083336781,0.6153846153846154,16,26,21,131.0,75.0
URYDL,13,0.2811142897878494,0.27847677217489986,0.32696444424361787,0.21989113502120888,0.18682333880872415,0.28367554676794227,0.270323069284431,-0.6183947865658386,0.1295872472337573,-0.682752896609878,Sensory,0.0524577638750026,0.0050990356927866,0.0473587281822159,-0.1082198964317172,0.0173016284798848,0.1760912590556812,0.3636363636363636,4,11,7,65.0,22.0
URYDR,13,0.2676802330914169,0.2634557131293197,0.4190783853096315,0.21188615944536082,0.23292621831234567,-0.25306873362223026,-0.307969345769679,0.14014844717617905,-0.24432467950290748,0.15626315857599424,Sensory,0.0398270639993582,0.0016019697261201,0.0382250942732381,-0.0869393635161708,0.0284466316757938,0.3979400086720376,0.4285714285714285,6,14,5,62.0,9.0
URYVL,17,0.2867123273565073,0.28656376659646443,0.2728922734133028,0.22513284462374017,0.16129796784367775,0.5073395310940139,0.5816624708795379,-1.0636702665030584,0.37442718688203175,-1.1472834483852161,Sensory,0.0822996625052784,0.004270913585161,0.0780287489201174,-0.050768606334913,0.0151823209815333,0.516629796003336,0.5909090909090909,13,22,6,143.0,16.0
URYVR,12,0.2574287423566837,0.2557697750767702,0.3346499332699391,0.20309730283981164,0.19162007763006064,-0.6626567785202465,-0.6038685673144459,-0.5551060418715196,-0.6548516418971687,-0.5954581131393892,Sensory,0.1012562427499321,0.0054219203718875,0.0958343223780446,-0.0965866123587528,0.0231846249185374,0.2304489213782739,0.3125,5,16,9,138.0,20.0
