species,unit_type,node,n_edge_values,summary_from_sample,edge_target_dca_mean,edge_target_dca_median,edge_target_dca_q05,edge_target_dca_q25,edge_target_dca_q75,edge_target_dca_q95,edge_target_dca_frac_positive,edge_target_dca_frac_negative,edge_target_dca_weighted_mean,edge_weight_sum,EdgeStdFCV,PostDCA
C. elegans,neuron,AVBL,21,False,-0.028481316706669757,-0.003250824157204,-0.3475908601190945,-0.0074271883097858,0.0181694406675091,0.0372639044041498,0.42857142857142855,0.5714285714285714,-0.13135199334167194,63.0,0.3873349817527458,-0.1313519933416719
C. elegans,neuron,BAGL,19,False,-0.005244161790289353,0.0045425003663694,-0.08375134342786439,-0.01598617282121045,0.02277671439773035,0.0806984608548709,0.5789473684210527,0.42105263157894735,0.030090714340722427,78.0,0.3871291779914279,0.0300907143407224
C. elegans,neuron,ASIL,17,False,0.03221310856769127,0.0100271030810712,-0.019342897145851638,0.0051962142656811,0.0599798831078108,0.14090679640530593,0.8823529411764706,0.11764705882352941,0.03156597016792155,43.0,0.3802040399089336,0.0315659701679215
C. elegans,neuron,RID,8,False,0.0265366973585774,-0.00108400377088455,-0.01637520760853631,-0.005520907421932225,0.0027414653261970496,0.15876705215401293,0.375,0.625,0.010822756926895882,16.0,0.3786347558989021,0.0108227569268958
C. elegans,neuron,AIML,18,False,0.006664600541131877,0.0052842964029961,-0.015528853665447486,3.2786220679675035e-05,0.01659725233447515,0.026172404354281448,0.7222222222222222,0.2777777777777778,0.0033093562078470844,59.0,0.3765584426919707,0.003309356207847
C. elegans,neuron,RIS,25,False,-0.029347954774243755,-0.0059273917601516,-0.18740557057733773,-0.0662653662660051,0.0181694406675091,0.07753802603428461,0.4,0.6,-0.021928778822639633,181.0,0.3748638452544535,-0.0219287788226396
C. elegans,neuron,RMDL,26,False,-0.002428880623637037,-0.00097263377153585,-0.1870192034615193,-0.017947848374420098,0.04984260936482042,0.1254072452323553,0.46153846153846156,0.5384615384615384,0.05939491241775403,95.0,0.3733656436131191,0.059394912417754
C. elegans,neuron,OLQVL,7,False,-0.048854043843316,-0.0032604183071342,-0.29339257214734327,-0.0856193089879282,0.0458539647402523,0.08686441420233146,0.42857142857142855,0.5714285714285714,-0.0640467284785841,36.0,0.3733040284769133,-0.0640467284785841
C. elegans,neuron,RMEL,4,False,0.02337033090798518,0.02514662272751455,-0.028418106630958354,-0.012542307898624176,0.0610592615341239,0.07267195989958758,0.5,0.5,0.029940392169424273,5.0,0.3729178332574723,0.0299403921694242
C. elegans,neuron,SMDVL,17,False,-0.0027890397590147786,0.0020318444577313,-0.16140191814754076,-0.0119750738279496,0.0084350888489262,0.1610513763590281,0.5294117647058824,0.47058823529411764,0.035337588241974985,163.0,0.3722961878975545,0.0353375882419749
C. elegans,neuron,OLQDL,10,False,-0.01932524484263887,-0.0006272126181544998,-0.205121166118301,-0.006083925793856475,0.04052531709496127,0.0808893995622165,0.5,0.5,-0.032667147844326894,39.0,0.3717282314424913,-0.0326671478443268
C. elegans,neuron,AVAL,42,False,-0.009003406208285773,-0.0060945038253646,-0.06386438037301104,-0.01436455806901465,-0.0038374195573850503,0.10457444305050753,0.19047619047619047,0.8095238095238095,-0.0295817709980234,266.0,0.3713074619127138,-0.0295817709980234
C. elegans,neuron,RIVL,10,False,-0.0005293348732810482,-0.0061272681629536,-0.1752739161346075,-0.05994477471561202,0.05168223903193742,0.19740467981208343,0.4,0.6,-0.014288403617360092,44.0,0.3703209061685168,-0.01428840361736
C. elegans,neuron,ASGL,4,False,0.0035099844373061503,0.0054897740524525,-0.011655964508346444,0.00034285238286177466,0.008656906106896876,0.01590422792175385,0.75,0.25,-0.005239233925971094,67.0,0.3692082883865347,-0.005239233925971
C. elegans,neuron,AVEL,20,False,-0.04707481987959409,-0.013743763592928851,-0.34908844554659957,-0.0210657429124614,-0.002054212918237275,0.024645887044866498,0.2,0.8,-0.07095953086925437,119.0,0.3686034438456281,-0.0709595308692543
C. elegans,neuron,AIBR,25,False,-0.00035402159820869,0.0051962142656811,-0.10361455479382621,-0.022607016953492,0.0542019076602131,0.09691290773156766,0.6,0.4,-0.018654001099111025,129.0,0.368490605860843,-0.018654001099111
C. elegans,neuron,RIBL,17,False,-0.003914029506497919,0.0181694406675091,-0.13628206718389874,-0.045889205956579,0.0553981995987322,0.09877854003472264,0.5882352941176471,0.4117647058823529,-0.001794449382375228,82.0,0.3682373099953809,-0.0017944493823752
C. elegans,neuron,ASER,17,False,0.022278308846798656,0.0100271030810712,-0.01169996960569834,-0.0008800357116551,0.0542019076602131,0.07996968994607444,0.7058823529411765,0.29411764705882354,0.03412583407245811,115.0,0.3678751214799775,0.0341258340724581
C. elegans,neuron,AIBL,22,False,-0.005083011443145496,-0.00016262830291459982,-0.14870241179420363,-0.04006865870580725,0.037855705085980004,0.14010968173402047,0.5,0.5,-0.03624439068146833,171.0,0.3669500757456529,-0.0362443906814683
C. elegans,neuron,RMER,2,False,0.030511532602273902,0.030511532602273902,0.00046298685692533004,0.01381789607708025,0.047205169127467556,0.060560078347622476,0.5,0.5,0.03528114303804352,7.0,0.3665676138667036,0.0352811430380435
C. elegans,neuron,RIMR,21,False,-0.03241722917808205,-0.0158885729721027,-0.1527340340042751,-0.0662653662660051,0.0177160583754681,0.100820551908786,0.38095238095238093,0.6190476190476191,-0.043059513472717,153.0,0.3662116515377592,-0.043059513472717
C. elegans,neuron,RIVR,13,False,-0.019974412828283647,-0.0106683342147788,-0.18516747575997564,-0.0834548689500998,-0.0007743854946294,0.1818246926179168,0.23076923076923078,0.7692307692307693,0.0019053193605542786,52.0,0.3661825565950331,0.0019053193605542
C. elegans,neuron,ASKL,5,False,0.00225299872436542,0.001864236400056,-0.01178042748451032,-0.0002794624979576,0.0066198300754091,0.015496812715456299,0.6,0.4,-0.00479268391708614,48.0,0.3658687676584213,-0.0047926839170861
C. elegans,neuron,IL1VR,8,False,-0.03121760429602242,0.0069849119458567,-0.19524821882555454,-0.0727192017049331,0.03405744851346392,0.06880106044443302,0.625,0.375,-0.115110472722582,77.0,0.3653855047800126,-0.115110472722582
C. elegans,neuron,AWAL,8,False,0.03283116246136539,0.0201018933970314,0.003274584728182181,0.011958803515048449,0.051718784589094347,0.07878018461542755,0.875,0.125,0.023494440548052827,54.0,0.3646351405315848,0.0234944405480528
C. elegans,neuron,RMEV,8,False,-0.0667890749393892,-0.05868662011130525,-0.20676620455424602,-0.16356888918335716,0.012297861435124274,0.07819662095106197,0.25,0.75,-0.04974257495787289,10.0,0.3645377102612743,-0.0497425749578728
C. elegans,neuron,AIMR,22,False,-0.004517143461132357,0.00950134143268365,-0.0798301777438116,0.0026887090241989754,0.022131824903762226,0.061812458678982246,0.8181818181818182,0.18181818181818182,0.006319478465967038,65.0,0.3643574135103361,0.006319478465967
C. elegans,neuron,AVAR,44,False,-0.010986398607970826,-0.00597043675402505,-0.07100791766007934,-0.014582771950419925,-0.003680527602822025,0.0989580181252234,0.13636363636363635,0.8636363636363636,-0.014894558087334408,282.0,0.3637421682700808,-0.0148945580873344
C. elegans,neuron,AVKL,15,False,0.01212163583741952,0.001988066247184,-0.051565576824925956,-0.0172910453907208,0.0355259366787501,0.08869887362376111,0.6,0.4,0.013302744202360503,35.0,0.363661142416298,0.0133027442023605
C. elegans,neuron,RIML,24,False,-0.03269030056281629,-0.0123907685603471,-0.3183623362018716,-0.06517417320480293,0.024163833212043025,0.1343594338714363,0.375,0.625,-0.04109274787152813,174.0,0.3633512640140533,-0.0410927478715281
C. elegans,neuron,AVER,25,False,-0.026286561407344766,-0.0074271883097858,-0.28725052928659134,-0.020673295639287,0.0144173800866849,0.07424213353183223,0.28,0.72,-0.1345850558722683,133.0,0.362536651788171,-0.1345850558722683
C. elegans,neuron,IL1R,12,False,-0.0691188102619244,-0.0434361030105059,-0.20347612768235598,-0.1736263346293444,0.0013108218449277243,0.049070003991302416,0.25,0.75,-0.11908460520401216,77.0,0.3605550462276384,-0.1190846052040121
C. elegans,neuron,ASHL,20,False,-0.015367198301626136,0.0149345418741903,-0.34908844554659957,-0.0029367679003434997,0.029544223736025426,0.09099738002245708,0.75,0.25,-0.017394877451153208,141.0,0.3597861880175925,-0.0173948774511532
C. elegans,neuron,SAADL,14,False,-0.037513125602792345,-0.00983859431884,-0.2301612361803001,-0.020927405958144678,0.0009462510755878751,0.04268945914637435,0.2857142857142857,0.7142857142857143,-0.10106872884416561,59.0,0.3592961685042783,-0.1010687288441655
C. elegans,neuron,RIBR,20,False,-0.012331939349303416,0.00999640826291175,-0.17746053363605388,-0.06517417320480293,0.03788681250868583,0.10324983832887163,0.55,0.45,-0.008284172368143425,61.0,0.35840522249037,-0.0082841723681434
C. elegans,neuron,OLLL,14,False,-0.044092660785108664,-0.02238373630446985,-0.20029850829846313,-0.10273928639504759,0.019561173041775324,0.05809323544048141,0.42857142857142855,0.5714285714285714,-0.04797902301593892,165.0,0.3580289779998295,-0.0479790230159389
C. elegans,neuron,ASIR,12,False,0.011186312846638726,0.007888673881626,-0.012623625582401515,0.0011836342376291748,0.011534886628184225,0.05475578809762303,0.75,0.25,0.007825363361739411,27.0,0.3564426943021062,0.0078253633617394
C. elegans,neuron,ASEL,17,False,0.03612745401442257,0.0130462493523485,-0.0100455050651029,0.0034833091252868,0.0625377741282366,0.11385479309707222,0.7647058823529411,0.23529411764705882,0.040655989030232265,129.0,0.3558329398351027,0.0406559890302322
C. elegans,neuron,RIH,29,False,0.026903999002548657,0.0117413470258144,-0.03580990900841528,0.002601439414488,0.0305157019919445,0.12250056501130138,0.7931034482758621,0.20689655172413793,0.051873727045225575,266.0,0.3553688125370224,0.0518737270452255
C. elegans,neuron,OLLR,21,False,-0.03385628072455197,-0.0106772007762209,-0.166929900213257,-0.0721015898028459,0.0100279085794089,0.0600001440589098,0.42857142857142855,0.5714285714285714,-0.06555554650922434,158.0,0.3552261822478234,-0.0655555465092243
C. elegans,neuron,SMBVR,14,False,0.02012725023769592,0.0037302959398659496,-0.05584815417441625,-0.0104631533110001,0.0424055567677038,0.12786066482864727,0.6428571428571429,0.35714285714285715,0.01711291761688217,56.0,0.3551667481069022,0.0171129176168821
C. elegans,neuron,OLQVR,9,False,0.023873737744550465,0.001988066247184,-0.12918420525218077,-0.0106772007762209,0.0722051142690488,0.18168467439394598,0.5555555555555556,0.4444444444444444,0.0031116311161349325,90.0,0.354593484297119,0.0031116311161349
C. elegans,neuron,IL1L,12,False,-0.04586444613432247,-0.0034656420720411496,-0.2021793284187078,-0.1043236267658891,0.010868676803571925,0.05788895109942116,0.5,0.5,-0.13171288090184471,76.0,0.3545102878121302,-0.1317128809018447
C. elegans,neuron,SMDDL,19,False,0.007606238414242547,-0.0036028994394709,-0.09038278545551734,-0.0317950085089624,0.02157561423724735,0.15066471822958358,0.42105263157894735,0.5789473684210527,0.03528761233371243,95.0,0.3540710862406407,0.0352876123337124
C. elegans,neuron,URYVL,22,False,-0.0004507001235345832,0.0081326681536321,-0.16218848469273642,-0.0439398571686003,0.05380867701333185,0.08838321321209958,0.5909090909090909,0.4090909090909091,-0.05076860633491309,143.0,0.3534950362461274,-0.050768606334913
C. elegans,neuron,RMED,4,False,-0.08872139267283155,-0.08202986294119345,-0.14676670669250105,-0.1228973974454049,-0.047853858168620096,-0.040044220277455383,0.0,1.0,-0.11615538181487879,7.0,0.353374317071198,-0.1161553818148787
C. elegans,neuron,SMDVR,16,False,-0.023751738056339032,-0.0049132589583074995,-0.25377852147733904,-0.032088454570022254,0.014790282836459424,0.1662447054237504,0.375,0.625,0.02726277363967936,140.0,0.3524284855523643,0.0272627736396793
C. elegans,neuron,AWCL,14,False,-0.011353795491731317,0.0053644105629989496,-0.1647292891145864,-0.010444024655399725,0.016108536389383928,0.10086431532504637,0.5714285714285714,0.42857142857142855,0.03588710848588543,67.0,0.3522118805826735,0.0358871084858854
C. elegans,neuron,IL1DR,9,False,-0.023229748641514978,0.0073729178809187,-0.19428626353333495,-0.0323870563140419,0.0382250942732381,0.06783333558064437,0.5555555555555556,0.4444444444444444,-0.0867933481889605,94.0,0.3518539766122726,-0.0867933481889604
C. elegans,neuron,ADLR,25,False,-0.005472175868882252,0.0051962142656811,-0.10704130869332827,-0.0109610448243358,0.0273839881279516,0.0817332994034534,0.56,0.44,-0.016382668617624316,152.0,0.3504312155228328,-0.0163826686176243
C. elegans,neuron,RIR,26,False,0.039148594456138504,0.034744001047062656,-0.01460269830212475,0.00735995061357705,0.053556515984836545,0.12450368102184023,0.8461538461538461,0.15384615384615385,0.04447275996984524,103.0,0.3497767747231379,0.0444727599698452
C. elegans,neuron,AWBL,16,False,0.018063268083521967,0.00428453166927805,-0.0284137226824826,-0.009336806665138326,0.033011870625597795,0.09480066228272441,0.625,0.375,0.04391610159874545,74.0,0.3496812336769264,0.0439161015987454
C. elegans,neuron,OLQDR,8,False,0.007474245830232179,0.022855556763870497,-0.14187751567371215,-0.0073108895614750246,0.0749720458596812,0.086342064751496,0.5,0.5,-0.06638096983490785,28.0,0.3490827651493454,-0.0663809698349078
C. elegans,neuron,IL2R,15,False,0.02181627289151864,0.0181694406675091,-0.016967863282322686,-0.0001882974348635,0.0393699954784446,0.07930101131156447,0.6666666666666666,0.3333333333333333,0.034899285303401945,87.0,0.348731709966598,0.0348992853034019
C. elegans,neuron,ASKR,12,False,0.008280329841768441,0.0058136520989751,-0.012623625582401515,0.0005050033753049,0.01205420255523165,0.038174890971805577,0.75,0.25,-0.0025467418219997187,55.0,0.3484460807444399,-0.0025467418219997
C. elegans,neuron,SAAVL,20,False,-0.02656089767859567,-0.0112471032763186,-0.16247687531001606,-0.018593881064889576,-0.001368302816552525,0.06576266183764928,0.25,0.75,-0.15128374059529345,151.0,0.3481048315072776,-0.1512837405952934
C. elegans,neuron,ADLL,24,False,-0.01518387359805345,0.01050870574161845,-0.3051737974288906,-0.010175317082990725,0.019203483045948575,0.0867201925836546,0.6666666666666666,0.3333333333333333,-0.022001107919007966,148.0,0.3476909634705747,-0.0220011079190079
C. elegans,neuron,URYDL,11,False,-0.05600746586039322,-0.0380918108046642,-0.19489454629910505,-0.1328429429650283,0.01042154904121545,0.0524086668802649,0.36363636363636365,0.6363636363636364,-0.10821989643171721,65.0,0.3472435338737615,-0.1082198964317172
C. elegans,neuron,AINL,14,False,-0.005087536264887936,0.0032000129749117498,-0.10102059132895586,-0.014287288769176076,0.012032719022289876,0.07003281586385408,0.5714285714285714,0.42857142857142855,-0.002740627438184692,47.0,0.3467973651175783,-0.0027406274381846
C. elegans,neuron,RMDR,13,False,-0.0016450748860082844,-0.0011708820484423,-0.20123891835858546,-0.0409830000644328,0.0638988056526612,0.1818246926179168,0.46153846153846156,0.5384615384615384,0.053555229250049796,71.0,0.3467046481776618,0.0535552292500498
C. elegans,neuron,ASGR,5,False,0.01862200588856608,0.0066198300754091,-0.010547428689186941,-0.0088929641485915,0.025061877317654,0.07003824028168647,0.6,0.4,-0.0032007243294031227,89.0,0.3453050980281514,-0.0032007243294031
C. elegans,neuron,SAADR,15,False,-0.048787498234856924,-0.0138555087015014,-0.35657637268412473,-0.0248360887373942,0.0098739514165997,0.051641901227717016,0.4,0.6,-0.12045896841877868,87.0,0.3438771251058332,-0.1204589684187786
C. elegans,neuron,RIAL,27,False,-0.04792463776325248,-0.022607016953492,-0.20758872377221854,-0.09820336043794065,0.018423959114614752,0.04136646607750549,0.37037037037037035,0.6296296296296297,-0.1068063283929411,400.0,0.3437955063724806,-0.1068063283929411
C. elegans,neuron,SMDDR,18,False,0.007754231418787342,0.0006068403762773,-0.08787941639645205,-0.0259506246293453,0.013912058577294049,0.15585804729430586,0.5,0.5,0.00870234188804627,71.0,0.3423127117237994,0.0087023418880462
C. elegans,neuron,IL1VL,9,False,-0.029570449023131377,-0.0032298462079387,-0.19428626353333495,-0.0312887770195158,0.0076180450879155,0.07237677161313491,0.4444444444444444,0.5555555555555556,-0.11067723059748412,61.0,0.3422299283485191,-0.1106772305974841
C. elegans,neuron,AIYR,14,False,0.02990145266173529,0.01022174405948715,-0.025034715252460767,0.004699754277191175,0.027704174613404325,0.1372176187781017,0.7857142857142857,0.21428571428571427,0.05387335991128038,202.0,0.3412661090469169,0.0538733599112803
C. elegans,neuron,URXL,23,False,0.010927481641457688,0.0200250838331974,-0.06291831856161988,0.0021183143467267,0.049314865560938545,0.08789057807968947,0.782608695652174,0.21739130434782608,0.03810579154079092,89.0,0.3411785845952754,0.0381057915407909
C. elegans,neuron,URYDR,14,False,-0.04339269124424513,-0.024746052698024948,-0.1828877788166358,-0.07027880289823497,0.010027707204824475,0.03480499117471757,0.42857142857142855,0.5714285714285714,-0.08693936351617085,62.0,0.3402787878954743,-0.0869393635161708
C. elegans,neuron,RMDVL,11,False,-0.020707698308977687,0.0117413470258144,-0.1815016774669302,-0.0477149713890247,0.023347401389711198,0.07602747979661265,0.6363636363636364,0.36363636363636365,-0.13824824505849317,58.0,0.3373869721321716,-0.1382482450584931
C. elegans,neuron,IL1DL,7,False,-0.05961849852159094,-0.0066756618042755,-0.19536610966770437,-0.11250220744856126,0.0011643190897433864,0.006371324774913166,0.2857142857142857,0.7142857142857143,-0.04703990690154586,32.0,0.3369346906485412,-0.0470399069015458
C. elegans,neuron,AUAL,12,False,0.003104496643947832,0.0280778196269188,-0.18165495032971096,-0.016192675812609674,0.06489529475008796,0.11174714005516537,0.6666666666666666,0.3333333333333333,-0.023395494998587476,89.0,0.3367137387406114,-0.0233954949985874
C. elegans,neuron,RMDDL,9,False,-0.010440306529128324,0.0136638968927762,-0.1830013428118668,-0.0059273917601516,0.0485868539758544,0.10665509094615588,0.5555555555555556,0.4444444444444444,-0.07544883430269823,41.0,0.3340769569046931,-0.0754488343026982
C. elegans,neuron,URBR,24,False,0.015294960689797799,0.0091262696435886,-0.04848336735961256,-0.0073086729211145,0.048170312351325795,0.07506963145766779,0.7083333333333334,0.2916666666666667,0.021974840531445716,71.0,0.3312190338559746,0.0219748405314457
C. elegans,neuron,ALA,7,False,-0.022364878002374584,-0.0003852445212089,-0.2893162587534666,-0.06467203745333941,0.0532865503429388,0.19742234698171876,0.42857142857142855,0.5714285714285714,-0.044091049324711265,25.0,0.33085458119846,-0.0440910493247112
C. elegans,neuron,RICL,20,False,-0.03707927564811396,-0.005448185708283051,-0.34908844554659957,-0.03832426784168377,0.027350173980394077,0.07576594563689501,0.45,0.55,-0.14877168463682566,94.0,0.3305586784404383,-0.1487716846368256
C. elegans,neuron,AWCR,17,False,0.026886536691402133,0.0100271030810712,-0.01169996960569834,0.0012844460562063,0.0554327530766796,0.09308147683818352,0.7647058823529411,0.23529411764705882,0.030966641100035792,111.0,0.3304063149027885,0.0309666411000357
C. elegans,neuron,IL2L,13,False,0.00782182224168953,0.0026736574149218,-0.06091547115398732,-0.0106772007762209,0.0237330101588609,0.08516159393614307,0.6153846153846154,0.38461538461538464,0.021439905959948692,107.0,0.3302725772632353,0.0214399059599486
C. elegans,neuron,AINR,17,False,0.0102681909470354,0.0109903084021657,-0.01993519156156444,-0.0008800357116551,0.0200250838331974,0.036786124817595064,0.7058823529411765,0.29411764705882354,0.005004504278884701,52.0,0.3297581771604672,0.0050045042788847
C. elegans,neuron,CEPDL,26,False,0.009409623657815187,0.0046606765356386,-0.0363910523583771,-0.001934929691245925,0.03390321128010887,0.08265333063093455,0.6538461538461539,0.34615384615384615,0.0018778648141152435,175.0,0.3296426373461737,0.0018778648141152
C. elegans,neuron,AVL,18,False,0.001954865568722251,-0.00028623748893114997,-0.026099345303955048,-0.013210364368455099,0.00190508010357955,0.06142404125615988,0.5,0.5,-0.00695894028065694,53.0,0.3288963671533629,-0.0069589402806569
C. elegans,neuron,AVKR,17,False,-0.014268945950352463,-0.0014886382814708,-0.09731070196093486,-0.022607016953492,0.0059995112878686,0.039747643356576,0.47058823529411764,0.5294117647058824,-0.013546221034153167,37.0,0.3286222601610877,-0.0135462210341531
C. elegans,neuron,SAAVR,14,False,-0.026784983453686326,-0.00978064918168515,-0.20555860278597632,-0.02911833700300985,0.0003916942877106751,0.10168878656264471,0.2857142857142857,0.7142857142857143,-0.15536878696863587,108.0,0.3284400070992513,-0.1553687869686358
C. elegans,neuron,AVBR,19,False,-0.04409754312181798,-0.0056196904394208,-0.35058603097410457,-0.01202474241945515,-0.0023348924750475498,0.018740759439774077,0.15789473684210525,0.8421052631578947,-0.15953827469621845,56.0,0.3282464458072793,-0.1595382746962184
C. elegans,neuron,IL2VR,14,False,0.006415188943223916,0.0040460030416481,-0.14270838764581031,-0.0064885942932445245,0.042986044016836075,0.14264719501854767,0.5714285714285714,0.42857142857142855,0.004116946087845419,150.0,0.3275475217451253,0.0041169460878454
C. elegans,neuron,AUAR,10,False,-0.00018191634744289115,0.016293410377097,-0.2306469560485298,0.0054006286754335504,0.029732773525946277,0.17085660172723321,0.8,0.2,0.039736044629798364,80.0,0.3274902236394654,0.0397360446297983
C. elegans,neuron,ADAR,18,False,-0.021256220397392597,-0.00697095916899385,-0.11295694662648359,-0.042513668545944724,0.0254113430604383,0.06037838911793289,0.4444444444444444,0.5555555555555556,-0.04561813317627367,97.0,0.3270550377194187,-0.0456181331762736
C. elegans,neuron,URBL,17,False,0.007525779427895592,0.0168228343960321,-0.09106304469164243,-0.0162814828485094,0.0473587281822159,0.08129040862951808,0.5882352941176471,0.4117647058823529,0.015135669030457958,63.0,0.32699685907927,0.0151356690304579
C. elegans,neuron,AWBR,15,False,0.039836227483604006,0.0144173800866849,-0.013281413871073924,0.0058136520989751,0.05898526360245811,0.14032741808300606,0.9333333333333333,0.06666666666666667,0.041297358488300975,40.0,0.3267566902921516,0.0412973584883009
C. elegans,neuron,URXR,26,False,-0.00796201172610896,0.00643599922270405,-0.18025659654756515,-0.018119782354302272,0.0292337016767113,0.06978827923384576,0.6153846153846154,0.38461538461538464,0.03045548449230968,131.0,0.3260604476420717,0.0304554844923096
C. elegans,neuron,CEPVL,21,False,0.001647772593675471,0.0076180450879155,-0.166929900213257,-0.0206961506713613,0.0391478014843088,0.0832728406315784,0.5714285714285714,0.42857142857142855,0.008011582336464049,138.0,0.3255136225564881,0.008011582336464
C. elegans,neuron,URYVR,16,False,-0.04416712477248821,-0.0340240802928646,-0.23395280607022617,-0.06517417320480293,0.0026266747769803497,0.097176207333494,0.3125,0.6875,-0.09658661235875285,138.0,0.3254734578890412,-0.0965866123587528
C. elegans,neuron,URAVL,12,False,-0.02263794752733475,-0.00630152678221355,-0.18744717270331546,-0.032989535465802904,0.022435649469781323,0.06641609952722335,0.4166666666666667,0.5833333333333334,-0.03161934828801723,57.0,0.3251138994307036,-0.0316193482880172
C. elegans,neuron,AQR,19,False,-0.016056238952392787,0.0168228343960321,-0.35058603097410457,-0.0397736027732186,0.03504415324907275,0.15066471822958358,0.5789473684210527,0.42105263157894735,-0.020944424429797347,84.0,0.3250557021586057,-0.0209444244297973
C. elegans,neuron,ADAL,21,False,-0.0273022558068137,0.0076180450879155,-0.3475908601190945,-0.045889205956579,0.0249817878069856,0.0832728406315784,0.5238095238095238,0.47619047619047616,-0.050646030383513896,86.0,0.3248013011434271,-0.0506460303835138
C. elegans,neuron,AWAR,13,False,0.017327980016058227,0.0112859704311314,-0.013207150451254038,0.0044078602232087,0.025061877317654,0.07003559688601978,0.7692307692307693,0.23076923076923078,0.017820815968624865,93.0,0.3247676909728038,0.0178208159686248
C. elegans,neuron,RMDVR,12,False,-0.016866532385553943,-0.0003294894463231001,-0.2867822673951673,-0.022288403133845076,0.0524148418950561,0.15278090053362692,0.5,0.5,-0.14086155119859756,64.0,0.3231859047141459,-0.1408615511985975
C. elegans,neuron,RIAR,25,False,-0.05704433205660595,-0.0270651605212964,-0.20923376220816356,-0.1129518519257815,0.0058635292173972,0.0647045275524697,0.32,0.68,-0.11280202502038057,447.0,0.3229675677686889,-0.1128020250203805
C. elegans,neuron,RMDDR,3,False,-0.1910564590569724,-0.1937156378776067,-0.21064301895980891,-0.20311973847883014,-0.18032276904543185,-0.16960847397969195,0.0,1.0,-0.19166400415125331,30.0,0.3219758324174668,-0.1916640041512533
C. elegans,neuron,AIYL,12,False,0.022443667883899166,0.00832346657824015,-0.017625334503509196,0.00203496835881745,0.019292677064482774,0.11152222518620725,0.8333333333333334,0.16666666666666666,0.03877119340531012,191.0,0.3212578520577572,0.0387711934053101
C. elegans,neuron,IL2DR,12,False,0.010967483615170207,-0.0018757285537053,-0.031783002702052546,-0.007676046547261849,0.019667644928520273,0.0771855911321871,0.4166666666666667,0.5833333333333334,-0.0003309368269910341,115.0,0.3206479261807062,-0.000330936826991
C. elegans,neuron,CEPVR,21,False,0.01972899751483109,0.0112859704311314,-0.1527340340042751,-0.0119750738279496,0.0722051142690488,0.1402780601001394,0.6190476190476191,0.38095238095238093,0.020900538039196427,122.0,0.3201911448629372,0.0209005380391964
C. elegans,neuron,URAVR,13,False,-0.008137944583677805,0.0052300313393084,-0.19465876461480539,-0.0106772007762209,0.0481867293131309,0.09113056328701188,0.5384615384615384,0.46153846153846156,-0.0013509457379679752,42.0,0.3192043836776416,-0.0013509457379679
C. elegans,neuron,AIZL,20,False,0.013127488407791339,0.0032638363417127,-0.0469080139720503,-0.009336806665138326,0.02784563940603805,0.07560876156060338,0.55,0.45,0.020418109966016163,248.0,0.318904430404514,0.0204181099660161
C. elegans,neuron,FLPL,16,False,-0.03057971003688615,0.0044115471134383005,-0.3550787872566197,-0.03475692336574105,0.03214069291110355,0.09958634724190477,0.5,0.5,-0.11494915010540334,241.0,0.3186063030842768,-0.1149491501054033
C. elegans,neuron,AVJL,15,False,-0.03254568267748761,0.0034255894904922,-0.19558208832515042,-0.04784808377237635,0.023774192723774498,0.056802970371348654,0.5333333333333333,0.4666666666666667,-0.04296858024194648,33.0,0.3174006222405808,-0.0429685802419464
C. elegans,neuron,ADEL,34,False,-0.000718574425050478,0.0027068278688380997,-0.15148478491345937,-0.010178367215566874,0.02900205145784445,0.10629389156549224,0.5294117647058824,0.47058823529411764,-0.03157723490657008,128.0,0.316120710667399,-0.03157723490657
C. elegans,neuron,RICR,22,False,-0.042638889878285326,-0.00097263377153585,-0.3378480188133535,-0.056465314829827924,0.019447827468765076,0.03891317803512433,0.4090909090909091,0.5909090909090909,-0.1258309841241381,99.0,0.3160675263919945,-0.125830984124138
C. elegans,neuron,ADER,25,False,0.0039778144613493265,0.0123960940491215,-0.2947636618852955,-0.0086818665336048,0.0480314651431496,0.2201890641048637,0.68,0.32,-0.0379609791744908,85.0,0.3155816422261802,-0.0379609791744908
C. elegans,neuron,CEPDR,21,False,0.012743820964279314,0.0175300284428789,-0.0834548689500998,-0.0043087177625994,0.0485868539758544,0.0832728406315784,0.5714285714285714,0.42857142857142855,0.029296267561604326,138.0,0.3147093423826473,0.0292962675616043
C. elegans,neuron,AVHL,23,False,-0.013672707195058564,0.0014131832719237,-0.06331009412477935,-0.016244891105013648,0.02059789275013445,0.053392744728362196,0.5652173913043478,0.43478260869565216,-0.0037987991755094284,47.0,0.3144531813941563,-0.0037987991755094
C. elegans,neuron,IL2DL,13,False,-0.0005091720838368643,-0.0043087177625994,-0.042777871118068,-0.0106772007762209,-1.983602367512747e-05,0.06843680931643531,0.23076923076923078,0.7692307692307693,-0.011023298219579446,85.0,0.3132455031122126,-0.0110232982195794
C. elegans,neuron,IL2VL,12,False,0.027434875001981777,0.00802656696842085,-0.019952410085703608,-0.006114459271182576,0.04379890491759277,0.11152222518620725,0.6666666666666666,0.3333333333333333,0.008566637418812414,103.0,0.311235762491953,0.0085666374188124
C. elegans,neuron,URADR,4,False,0.010936922789707424,0.013773946748508601,-0.02913057798336875,-0.01610466466067615,0.040815534198892174,0.04703259002046195,0.5,0.5,-0.016423068838099526,21.0,0.3096736337063525,-0.0164230688380995
C. elegans,neuron,AVDL,24,False,-0.03401288618815226,-0.01387114656345825,-0.3130920848993143,-0.020710179170670348,-0.005815907451903924,0.08556702982169975,0.16666666666666666,0.8333333333333334,-0.1976308639164232,137.0,0.3095323271643111,-0.1976308639164232
C. elegans,neuron,AIZR,16,False,0.007441156256139192,0.00552987174153915,-0.07260041296850303,-0.019627459369767425,0.017829403948478352,0.10793949094482327,0.5625,0.4375,0.02045820228286603,187.0,0.3091980115503724,0.020458202282866
C. elegans,neuron,FLPR,17,False,-0.027706997179041862,0.0181694406675091,-0.3535812018291147,-0.0498069615881737,0.0344553325006195,0.11911347359528501,0.5294117647058824,0.47058823529411764,-0.059577060971644696,170.0,0.3091522883807622,-0.0595770609716446
C. elegans,neuron,AVJR,15,False,-0.04761537328346905,-0.0153960367507895,-0.35657637268412473,-0.05730870188628795,0.02102603452883405,0.10182288468661198,0.4,0.6,-0.06918595346765702,56.0,0.3085079288873576,-0.069185953467657
C. elegans,neuron,URADL,4,False,0.011935931012855647,-0.00448111141102585,-0.027596809737229756,-0.012828940608085575,0.020283760209915375,0.07445253115637512,0.25,0.75,-0.006445655224464008,27.0,0.3081655682081544,-0.006445655224464
C. elegans,neuron,RMGL,30,False,-0.03202371781479525,-0.0035922291053564004,-0.19501243714125488,-0.04466265448354245,0.015311638836423825,0.05300602623472953,0.4666666666666667,0.5333333333333333,-0.06457089744293308,91.0,0.3073974379131809,-0.064570897442933
C. elegans,neuron,AVDR,28,False,-0.02267596975832851,-0.01202474241945515,-0.2486177138419522,-0.01950945655898595,0.0067992511970856,0.10432882336506447,0.2857142857142857,0.7142857142857143,-0.21858064608700226,153.0,0.3023396477586539,-0.2185806460870022
C. elegans,neuron,ADFL,20,False,0.01055640254250267,0.00221091438552585,-0.039500488577731245,-0.011665167843871225,0.019292677064482774,0.0649670760901864,0.5,0.5,0.05795670920801649,136.0,,0.0579567092080165
C. elegans,neuron,ADFR,21,False,0.034987165025575376,0.026669718946225,-0.0186342735085259,0.0044078602232087,0.0350326695935058,0.0958343223780446,0.8095238095238095,0.19047619047619047,0.0822665719647733,201.0,,0.0822665719647732
C. elegans,neuron,AFDL,6,False,0.022963777738423414,0.01423144444093935,0.005661727084501175,0.0080352813613925,0.017332357197235075,0.06416016185155657,1.0,0.0,0.06024022452874126,35.0,,0.0602402245287412
C. elegans,neuron,AFDR,4,False,0.024825940151447824,0.0094507326473759,0.00024494415640453015,0.00474486362864305,0.029531809170180674,0.07093222665219179,0.75,0.25,0.06843052912764193,35.0,,0.0684305291276419
C. elegans,neuron,AIAL,18,False,0.022597693319602995,0.0126639422858456,0.00120467419271077,0.005882849031882125,0.0353664843961133,0.06342992064425451,0.9444444444444444,0.05555555555555555,0.015250044813462234,101.0,,0.0152500448134622
C. elegans,neuron,AIAR,11,False,0.01480132863762927,0.0100271030810712,-0.0038042590461926,0.0059080221705450995,0.01973962870216945,0.0443286200804163,0.9090909090909091,0.09090909090909091,0.010182689569287355,87.0,,0.0101826895692873
C. elegans,neuron,ALML,15,False,-0.002958819081399386,0.0136638968927762,-0.14114135414057288,-0.028402702239779948,0.0382058529442293,0.08481208644761543,0.6,0.4,-0.015162247383757836,57.0,,-0.0151622473837578
C. elegans,neuron,ALMR,8,False,-0.03966800293617001,0.00215723158229105,-0.17767364357605836,-0.050543145950143004,0.007006610610753675,0.014904286490664395,0.5,0.5,-0.010875964019486473,32.0,,-0.0108759640194864
C. elegans,neuron,ALNL,8,False,0.004374804144664136,0.0007774057273988999,-0.15064062376149398,-0.036865211957473575,0.06443036613826644,0.1423214530919306,0.5,0.5,0.04174093625768279,21.0,,0.0417409362576827
C. elegans,neuron,ALNR,8,False,-0.05167185139921546,-0.0016477081669300504,-0.2793909709789077,-0.0878825332005726,0.0264134723086741,0.07628134277551972,0.5,0.5,-0.0656480592540866,29.0,,-0.0656480592540866
C. elegans,neuron,AS1,4,False,-0.007546268924877149,-0.0068955743402458,-0.01926354099879138,-0.0136245224368089,-0.00081732082831405,0.0032600307305531875,0.25,0.75,-0.0068309838853220116,33.0,,-0.006830983885322
C. elegans,neuron,AS10,2,False,0.00128070418475775,0.00128070418475775,-0.0015762516675716849,-0.00030649351098082506,0.002867901880496325,0.0041376600370871845,0.5,0.5,0.00128070418475775,20.0,,0.0012807041847577
C. elegans,neuron,AS11,3,False,0.0013541635179083334,0.0001948987376894,-0.0006456618379664799,-0.0002720793598972,0.0024007740056044,0.0041654742199363996,0.6666666666666666,0.3333333333333333,0.0005963409034320933,30.0,,0.000596340903432
C. elegans,neuron,AS2,4,False,-0.006164955681955125,-0.006771577298650499,-0.014777870943568505,-0.012305207714684525,-0.0006313252659211001,0.0032972298430317777,0.25,0.75,-0.003998895806553274,27.0,,-0.0039988958065532
C. elegans,neuron,AS3,2,False,-0.01160633217218955,-0.01160633217218955,-0.020781067337064914,-0.016703407263786975,-0.006509257080592124,-0.0024315970073141855,0.0,1.0,-0.002261694504260937,24.0,,-0.0022616945042609
C. elegans,neuron,AS4,5,False,-0.007458132068847499,-0.0022098040646571,-0.019695372158170757,-0.0112749313693162,-0.001091223571235,-0.0009496199011628401,0.0,1.0,-0.0031336453712654706,31.0,,-0.0031336453712654
C. elegans,neuron,AS5,1,False,0.0022288308948394,0.0022288308948394,0.0022288308948394,0.0022288308948394,0.0022288308948394,0.0022288308948394,1.0,0.0,0.0022288308948394,12.0,,0.0022288308948394
C. elegans,neuron,AS6,3,False,-0.006018172291888766,-0.0060437215023749,-0.01310247813311108,-0.009965252963895,-0.0020838662251255998,0.0010840179966738394,0.3333333333333333,0.6666666666666666,0.0007995125052129091,22.0,,0.0007995125052129
C. elegans,neuron,AS7,1,False,-0.0001674185285062,-0.0001674185285062,-0.0001674185285062,-0.0001674185285062,-0.0001674185285062,-0.0001674185285062,0.0,1.0,-0.0001674185285062,20.0,,-0.0001674185285062
C. elegans,neuron,AS8,1,False,1.7002153994203224e-05,1.7002153994203224e-05,1.7002153994203224e-05,1.7002153994203224e-05,1.7002153994203224e-05,1.7002153994203224e-05,1.0,0.0,1.7002153994203224e-05,20.0,,1.7002153994203224e-05
C. elegans,neuron,AS9,1,False,-0.0007705732100254,-0.0007705732100254,-0.0007705732100254,-0.0007705732100254,-0.0007705732100254,-0.0007705732100254,0.0,1.0,-0.0007705732100254,20.0,,-0.0007705732100254
C. elegans,neuron,ASHR,20,False,0.003009854689391735,0.012669385675189451,-0.13059620248799156,-0.009409984317527575,0.03828236848091675,0.09619070908717935,0.7,0.3,-0.01287494965242358,140.0,,-0.0128749496524235
C. elegans,neuron,ASJL,8,False,0.006543626087564012,0.0044370544080097,0.00026289429485132506,0.0021459393869317,0.00781761624491295,0.018041919116214646,0.875,0.125,0.003545797113123269,54.0,,0.0035457971131232
C. elegans,neuron,ASJR,3,False,0.0030073417215789335,0.0023723922933974,0.00150910417407107,0.00189278778266055,0.00380442094640655,0.00495004386881387,1.0,0.0,0.002876883426654253,32.0,,0.0028768834266542
C. elegans,neuron,AVFL,21,False,-0.0016376844018730335,0.001864236400056,-0.0498069615881737,-0.0036377320933886,0.0049314041219524,0.0237814561437445,0.6666666666666666,0.3333333333333333,-0.00094502535854723,52.0,,-0.0009450253585472
C. elegans,neuron,AVFR,20,False,-0.022183916774628554,0.0016654085337953,-0.21927719013200564,-0.01842681253792725,0.007619691031240275,0.05885914803222172,0.6,0.4,-0.01994611293448914,50.0,,-0.0199461129344891
C. elegans,neuron,AVG,22,False,-0.03396010461919203,0.00070396608827505,-0.33609126837916775,-0.025995092956456675,0.0171307130971162,0.06721228385805615,0.5454545454545454,0.45454545454545453,-0.040785418126197064,55.0,,-0.040785418126197
C. elegans,neuron,AVHR,18,False,-0.009494081669662598,0.00800725087850735,-0.10722750487460603,-0.010171717294485301,0.03220816694282727,0.05933217051393636,0.6666666666666666,0.3333333333333333,0.005882938798565446,45.0,,0.0058829387985654
C. elegans,neuron,AVM,20,False,-0.0028624996331700603,0.0010061251461943499,-0.06744987134121007,-0.016715351472913875,0.023694681828978624,0.033593282523971084,0.5,0.5,-0.02659763218757838,91.0,,-0.0265976321875783
C. elegans,neuron,BAGR,11,False,-0.02409500522738315,-0.0086818665336048,-0.2069281131925498,-0.0484985399565922,0.0350304484718958,0.1099597948885294,0.45454545454545453,0.5454545454545454,0.0023950187880444973,75.0,,0.0023950187880444
C. elegans,neuron,BDUL,12,False,0.02085932675304622,0.0206463308308441,0.0018751480091169029,0.01142031259360405,0.027623042478885574,0.04263504515051984,0.9166666666666666,0.08333333333333333,0.02098718402586381,33.0,,0.0209871840258638
C. elegans,neuron,BDUR,13,False,-0.030554844063830314,0.0034255894904922,-0.20959575923997364,-0.0050489541893962,0.0140145303859375,0.03333067724990367,0.6153846153846154,0.38461538461538464,-0.04061673490063372,56.0,,-0.0406167349006337
C. elegans,neuron,DA1,5,False,0.023650186499212363,-0.0022682232279848,-0.01014388318333712,-0.0056196904394208,0.00427936862027,0.10736340085406486,0.4,0.6,0.0016600044184091624,32.0,,0.0016600044184091
C. elegans,neuron,DA2,6,False,-0.006060270183460431,-0.0030766970036686502,-0.01916909460886735,-0.009427491221825275,-0.001626192298742225,0.002856480967953825,0.16666666666666666,0.8333333333333334,-0.004063805285641146,38.0,,-0.0040638052856411
C. elegans,neuron,DA3,6,False,-0.0041718198271558,-0.0023348924750475498,-0.011004027692284625,-0.00495851209205305,-0.0011714631756749249,-0.00095847013054235,0.0,1.0,-0.0018596765806443397,65.0,,-0.0018596765806443
C. elegans,neuron,DA4,4,False,-0.000496603931174375,-0.0010027212774398999,-0.002042016990643785,-0.001370868694590525,-0.0001284565140237501,0.0017573734130667687,0.25,0.75,0.0007033027748460262,38.0,,0.000703302774846
C. elegans,neuron,DA5,5,False,-0.00305604432600086,-0.0005111104190032,-0.01147291202494642,-0.0060437215023749,0.0018759890521237,0.00215826252629626,0.4,0.6,0.0004998198339340055,37.0,,0.000499819833934
C. elegans,neuron,DA6,7,False,-0.001571153890785643,-0.0001674185285062,-0.01004811616916107,-0.0008011669951191,0.0012148144069103,0.0021229783420246896,0.42857142857142855,0.5714285714285714,0.00021252002880731952,41.0,,0.0002125200288073
C. elegans,neuron,DA7,6,False,-0.0002973041191763591,-0.00013224786940387875,-0.001132984721099575,-0.0006197845396456001,-1.1517687079736959e-05,0.00037027351692737575,0.3333333333333333,0.6666666666666666,-0.00027656435374349823,37.0,,-0.0002765643537434
C. elegans,neuron,DA8,10,False,-0.0004836385496593255,-0.0004338252101634788,-0.004639985871907835,-0.002043985033307175,0.00015042459176560082,0.004538451909741375,0.4,0.6,0.0002676260197934854,42.0,,0.0002676260197934
C. elegans,neuron,DA9,11,False,0.0007621889350143455,-0.0007390574574838,-0.01464172795062535,-0.0033239010330650505,0.0023249991569621498,0.020521921738357398,0.45454545454545453,0.5454545454545454,0.0010002340805945285,42.0,,0.0010002340805945
C. elegans,neuron,DB1,9,False,0.005942596502053611,-0.0056196904394208,-0.02005258146312644,-0.0153960367507895,-0.0022682232279848,0.07931577255191023,0.1111111111111111,0.8888888888888888,-0.007623431080589526,109.0,,-0.0076234310805895
C. elegans,neuron,DB2,9,False,-0.008096784887950065,-0.0032576029611004,-0.02072889349278488,-0.0128302096555893,-0.0011687029074002,-0.0009850208186808801,0.0,1.0,-0.005150505684237226,88.0,,-0.0051505056842372
C. elegans,neuron,DB3,10,False,-0.0033731237201731793,-0.00159265327336905,-0.01341132577899349,-0.0032559082601263,-0.0006118875601636,0.0020700520656173347,0.2,0.8,-0.0008291333165483461,76.0,,-0.0008291333165483
C. elegans,neuron,DB4,7,False,-0.0022863703196063937,-0.0005524688016617,-0.0103489739904415,-0.00141657021649345,-0.0003040938146523788,0.0012840691733961213,0.14285714285714285,0.8571428571428571,-0.0010151330252674226,41.0,,-0.0010151330252674
C. elegans,neuron,DB5,9,False,-0.003087530964009755,-0.0012537885581243,-0.01118515372931268,-0.004500499776071,-0.0001674185285062,0.0020876941577531198,0.2222222222222222,0.7777777777777778,-0.0013479136693948601,53.0,,-0.0013479136693948
C. elegans,neuron,DB6,7,False,-0.004986291263533257,-0.0053699467655263,-0.012740759409796989,-0.00692673127181645,-0.0004689958692658,-3.8324050755917875e-05,0.14285714285714285,0.8571428571428571,-0.0023315321261854235,40.0,,-0.0023315321261854
C. elegans,neuron,DB7,9,False,-0.0021506595478282442,-0.0007705732100254,-0.0111429129858913,-0.0053699467655263,0.0001948987376894,0.0045460293946056,0.4444444444444444,0.5555555555555556,-0.0007190011555331841,39.0,,-0.0007190011555331
C. elegans,neuron,DD1,3,False,-0.0066860916697087,-0.0022682232279848,-0.01743618150179552,-0.0106948667134352,-0.0004683824051202499,0.0009714902531713898,0.3333333333333333,0.6666666666666666,-0.011660259081379461,5.0,,-0.0116602590813794
C. elegans,neuron,DD2,3,False,-0.008101295971871366,-0.0014121819889947,-0.01976165231874543,-0.01160633217218955,-0.0012517027801148498,-0.00112331941301097,0.0,1.0,-0.011526092567749623,4.0,,-0.0115260925677496
C. elegans,neuron,DD3,1,False,-0.0138867844254151,-0.0138867844254151,-0.0138867844254151,-0.0138867844254151,-0.0138867844254151,-0.0138867844254151,0.0,1.0,-0.0138867844254151,1.0,,-0.0138867844254151
C. elegans,neuron,DVA,43,False,-0.0038459021432932583,-0.0036377320933886,-0.11246565941510432,-0.01887789185370575,0.027808097114119898,0.136332309281004,0.4186046511627907,0.5813953488372093,-0.006821089039798294,156.0,,-0.0068210890397982
C. elegans,neuron,DVB,8,False,0.013676957071908412,0.00238227716858525,-0.010724212140952073,-0.001361754645097525,0.02288732190816395,0.05743978774299899,0.625,0.375,0.008488384885522438,61.0,,0.0084883848855224
C. elegans,neuron,DVC,18,False,-0.04153592535965795,-0.00878741534109815,-0.3520836164016096,-0.032712935326406,0.004514311883652625,0.04831599981584536,0.3888888888888889,0.6111111111111112,-0.1049253422470273,110.0,,-0.1049253422470272
C. elegans,neuron,HSNL,24,False,0.017957378147928096,0.009967784922720949,-0.004349397739168104,0.0021459393869317,0.0242623468003915,0.06016775203771506,0.8333333333333334,0.16666666666666666,0.011047539667767583,93.0,,0.0110475396677675
C. elegans,neuron,HSNR,35,False,0.003191641639585688,0.0034255894904922,-0.030767000343896504,-0.00353616332029995,0.0176230434091735,0.056776188736287446,0.6571428571428571,0.34285714285714286,0.008092712279139172,68.0,,0.0080927122791391
C. elegans,neuron,I1L,11,False,5.5221540552324415e-152,2.2401781195102819e-153,-2.875160448504912e-152,-4.0782571891926386e-153,6.1575766699865194e-152,2.633233971940266e-151,0.5454545454545454,0.45454545454545453,6.504552781166835e-152,38.0,,6.5045527811668325e-152
C. elegans,neuron,I1R,13,False,2.559292333708501e-152,2.2401781195102819e-153,-3.7599145227624805e-152,-5.10294968031182e-153,2.247241014329515e-152,1.6712712280755334e-151,0.5384615384615384,0.46153846153846156,5.031193611490011e-152,32.0,,5.0311936114900105e-152
C. elegans,neuron,I2L,7,False,7.102683495219566e-152,4.263907763689358e-152,-3.429235998462145e-152,7.230323623464785e-153,1.0892407232431867e-151,2.2392875614253984e-151,0.7142857142857143,0.2857142857142857,2.471661066925314e-152,59.0,,2.471661066925314e-152
C. elegans,neuron,I2R,11,False,3.515911894762228e-152,1.0114279634439225e-152,-3.811586662787873e-152,-1.5571160721483366e-152,6.5935842417717275e-152,1.678141832117638e-151,0.5454545454545454,0.45454545454545453,3.4482273132450167e-152,78.0,,3.448227313245017e-152
C. elegans,neuron,I3,12,False,3.1608885062594905e-152,9.074675150352233e-153,-3.836605873014749e-152,-2.6886935321456296e-152,2.8635557144982305e-152,1.9390833931779502e-151,0.5,0.5,1.9268862769400066e-152,20.0,,1.926886276940008e-152
C. elegans,neuron,I4,8,False,3.8157220003190576e-152,8.684730231491665e-153,-4.1433712740238224e-152,-2.739548812385202e-152,4.277174184043854e-152,2.095916893005754e-151,0.5,0.5,1.081041771115985e-152,66.0,,1.0810417711159849e-152
C. elegans,neuron,I5,13,False,4.436273359354757e-152,1.956359692724139e-152,-3.7599145227624805e-152,-2.603937176265491e-152,4.263907763689358e-152,2.3779525587248767e-151,0.6153846153846154,0.38461538461538464,1.975613669587653e-152,56.0,,1.9756136695876524e-152
C. elegans,neuron,I6,8,False,5.101695587214108e-152,-1.431385780400769e-153,-4.1433712740238224e-152,-2.9938178800256172e-152,7.875691086093922e-152,2.5081476692178705e-151,0.5,0.5,-6.692218307708691e-153,90.0,,-6.692218307708691e-153
C. elegans,neuron,LUAL,9,False,-0.03680598851420409,0.02366575705739,-0.36556188524915495,-0.0050489541893962,0.023882628390159,0.18027461416176035,0.5555555555555556,0.4444444444444444,-0.178100120411465,92.0,,-0.178100120411465
C. elegans,neuron,LUAR,12,False,-0.03731717420480255,0.01266557778149315,-0.36106912896663984,-0.00918026012744175,0.02429392920296085,0.10419718189455081,0.5833333333333334,0.4166666666666667,-0.15166463477062195,93.0,,-0.1516646347706219
C. elegans,neuron,M1,7,False,1.0356560152189463e-151,9.918381641871852e-152,-2.900011340365189e-153,1.310394755026108e-152,1.678141832117638e-151,2.534186691316469e-151,0.8571428571428571,0.14285714285714285,6.906375282963851e-152,24.0,,6.906375282963853e-152
C. elegans,neuron,M2L,5,False,3.2517022759609874e-152,2.2401781195102819e-153,-3.037894411848565e-152,-2.603937176265491e-152,9.918381641871852e-152,1.1476822586767876e-151,0.6,0.4,6.448323322067645e-152,16.0,,6.448323322067645e-152
C. elegans,neuron,M2R,5,False,2.2708565684128414e-152,-2.603937176265491e-152,-4.373445324780627e-152,-3.1463837207443336e-152,9.918381641871852e-152,1.1476822586767876e-151,0.4,0.6,3.505582800632947e-152,8.0,,3.505582800632947e-152
C. elegans,neuron,M3L,1,False,-5.10294968031182e-153,-5.10294968031182e-153,-5.10294968031182e-153,-5.10294968031182e-153,-5.10294968031182e-153,-5.10294968031182e-153,0.0,1.0,-5.10294968031182e-153,1.0,,-5.10294968031182e-153
C. elegans,neuron,M3R,1,False,-2.9429625997860454e-152,-2.9429625997860454e-152,-2.9429625997860454e-152,-2.9429625997860454e-152,-2.9429625997860454e-152,-2.9429625997860454e-152,0.0,1.0,-2.9429625997860454e-152,2.0,,-2.9429625997860454e-152
C. elegans,neuron,M4,5,False,4.116063057728313e-152,2.247241014329515e-152,-2.578178270556936e-152,-3.0535646980734576e-153,9.918381641871852e-152,1.1476822586767876e-151,0.6,0.4,7.560671842289898e-152,9.0,,7.5606718422898994e-152
C. elegans,neuron,MI,10,False,1.2927141184757283e-152,6.177228876974754e-153,-3.989988573519285e-152,-4.5906034347522294e-153,2.174520683928171e-152,8.445296546305738e-152,0.6,0.4,9.149133232919737e-153,24.0,,9.149133232919736e-153
C. elegans,neuron,NSML,5,False,-3.0141227991873767e-153,-2.9429625997860454e-152,-4.373445324780627e-152,-3.1463837207443336e-152,-2.603937176265491e-152,8.972358823140406e-152,0.2,0.8,-2.972826775968631e-152,43.0,,-2.972826775968631e-152
C. elegans,neuron,NSMR,5,False,1.7766276664922465e-151,2.169640381936088e-151,2.901368235859834e-153,1.1866432822991882e-151,2.6904208239080616e-151,3.0155462143371678e-151,0.8,0.2,4.411470326509792e-152,33.0,,4.411470326509792e-152
C. elegans,neuron,PDA,6,False,0.0028603622917285168,0.0023249991569621498,-0.004212224438515675,-0.0005055684086904999,0.004568761849198275,0.011662560107832974,0.6666666666666666,0.3333333333333333,0.0026860455296696104,37.0,,0.0026860455296696
C. elegans,neuron,PDB,3,False,0.0013541635179083334,0.0001948987376894,-0.0006456618379664799,-0.0002720793598972,0.0024007740056044,0.0041654742199363996,0.6666666666666666,0.3333333333333333,0.002115334781687291,22.0,,0.0021153347816872
C. elegans,neuron,PDEL,1,False,0.0364371942031954,0.0364371942031954,0.0364371942031954,0.0364371942031954,0.0364371942031954,0.0364371942031954,1.0,0.0,0.0364371942031954,1.0,,0.0364371942031954
C. elegans,neuron,PDER,3,False,0.020687401492233658,0.0255278316413664,0.0026402439330618973,0.012812505136752786,0.030982512922280898,0.035346257947012495,1.0,0.0,0.02190013684755689,14.0,,0.0219001368475568
C. elegans,neuron,PHAL,11,False,0.05371585542131698,0.0049314041219524,-0.00689505378722235,0.0020218382351266002,0.06242042711078195,0.225869220572783,0.9090909090909091,0.09090909090909091,0.07051942329419983,60.0,,0.0705194232941998
C. elegans,neuron,PHAR,12,False,0.05232523156540212,0.01045729154920615,-0.005864587178408254,0.0020929466450854,0.049428810656988675,0.2243039509376591,0.9166666666666666,0.08333333333333333,0.05897167476026347,52.0,,0.0589716747602634
C. elegans,neuron,PHBL,11,False,-0.04635599675888831,0.0001311251294087,-0.3625667143941449,-0.066179332635798,0.02383204226695175,0.14931009211995638,0.5454545454545454,0.45454545454545453,-0.21168251828293946,172.0,,-0.2116825182829394
C. elegans,neuron,PHBR,9,False,-0.05598492211973475,0.0001311251294087,-0.36556188524915495,-0.1175990253205598,0.023882628390159,0.18027461416176035,0.5555555555555556,0.4444444444444444,-0.19964015818365813,152.0,,-0.1996401581836581
C. elegans,neuron,PHCL,9,False,-0.03221013006280173,0.0014131832719237,-0.25559412619968064,-0.0053699467655263,0.0146690685275424,0.08842688951284357,0.6666666666666666,0.3333333333333333,-0.048558291128877655,38.0,,-0.0485582911288776
C. elegans,neuron,PHCR,9,False,0.014959618401005789,0.0025770958027186,-0.01999212508116862,0.0001311251294087,0.0188312169093387,0.07783019981786077,0.7777777777777778,0.2222222222222222,0.006918752300855142,96.0,,0.0069187523008551
C. elegans,neuron,PLNL,7,False,-0.016108739596335603,-0.0186342735085259,-0.15723142345517846,-0.046398870237103595,0.0244823665300093,0.11996908391073874,0.2857142857142857,0.7142857142857143,-0.0063233164310810275,45.0,,-0.006323316431081
C. elegans,neuron,PLNR,5,False,-0.014201837121069039,-0.0162814828485094,-0.05673914771450926,-0.0186342735085259,-0.0119750738279496,0.031322593910925914,0.2,0.8,-0.010054692106120793,34.0,,-0.0100546921061207
C. elegans,neuron,PQR,15,False,-0.02207751217376467,0.0156845517591039,-0.35657637268412473,-0.022249941954649848,0.0294576489918324,0.14625445090321942,0.6,0.4,-0.14931299148148242,100.0,,-0.1493129914814824
C. elegans,neuron,PVCL,32,False,-0.020446282495593854,-0.0047651220163791,-0.19206163025501372,-0.014918739150974525,0.0163057739862052,0.057488079018683184,0.28125,0.71875,-0.03402974397174524,152.0,,-0.0340297439717452
C. elegans,neuron,PVCR,34,False,-0.00661919624059438,-0.0013285006756782501,-0.1980961675000469,-0.01362264073295865,0.02511653082856455,0.12363396486887324,0.4117647058823529,0.5882352941176471,-0.03886966565471838,164.0,,-0.0388696656547183
C. elegans,neuron,PVDL,12,False,-0.04908386720731623,-0.00046207941506394996,-0.36106912896663984,-0.05170493929883757,0.02667588051877917,0.10417813835080789,0.5,0.5,-0.13924745102753738,119.0,,-0.1392474510275373
C. elegans,neuron,PVDR,11,False,-0.06359439075077565,-0.0047761331733475,-0.3625667143941449,-0.07366963463941165,0.012006876759783848,0.08019892319535821,0.36363636363636365,0.6363636363636364,-0.15917368156345432,115.0,,-0.1591736815634543
C. elegans,neuron,PVM,6,False,-0.008065401793878565,0.013947492579025849,-0.09563432997998572,-0.0217133945895263,0.0323429672760702,0.03598156544097275,0.6666666666666666,0.3333333333333333,0.004367393282903373,26.0,,0.0043673932829033
C. elegans,neuron,PVNL,22,False,0.0026189474532635967,0.0034477149224523503,-0.11420942213394049,-0.00300411770191265,0.02382841055696675,0.12347969085313214,0.6363636363636364,0.36363636363636365,-0.007140116572507907,87.0,,-0.0071401165725079
C. elegans,neuron,PVNR,31,False,-0.0007800199243354612,0.0013351919490898,-0.04784808377237635,-0.0035256743456673,0.0163716702729182,0.10593085816552339,0.5161290322580645,0.4838709677419355,-0.008701551986325575,73.0,,-0.0087015519863255
C. elegans,neuron,PVPL,13,False,-0.05251179047831626,-0.0086818665336048,-0.35957154353913484,-0.0648104421844022,0.0395451949518471,0.10262645688602945,0.46153846153846156,0.5384615384615384,-0.05989234562542793,64.0,,-0.0598923456254279
C. elegans,neuron,PVPR,20,False,-0.02457132847887538,0.00024948214413945003,-0.34908844554659957,-0.03475692336574105,0.030424289833925474,0.07822538450827753,0.5,0.5,-0.04348036409961629,75.0,,-0.0434803640996162
C. elegans,neuron,PVQL,11,False,0.005579177329308482,0.0023723922933974,-0.01470765434109235,-0.0005092599777206999,0.0052842964029961,0.03710171919447425,0.6363636363636364,0.36363636363636365,0.0002514340617693449,40.0,,0.0002514340617693
C. elegans,neuron,PVQR,16,False,0.0011102917540732186,0.0005278647255661,-0.0234434919454048,-0.005162645862037975,0.00725425197851755,0.0308042742740279,0.5,0.5,0.0008021906796089183,42.0,,0.0008021906796089
C. elegans,neuron,PVR,26,False,-0.002454686138222677,-0.00128235364447685,-0.061059572035345074,-0.011902561901719774,0.019467439582427377,0.04763050480676663,0.4230769230769231,0.5769230769230769,-0.015297517385382027,144.0,,-0.015297517385382
C. elegans,neuron,PVT,13,False,0.013773889608124729,-0.0011708820484423,-0.01616366733991418,-0.0086818665336048,0.0177160583754681,0.07689356478154227,0.46153846153846156,0.5384615384615384,0.0034022562830855535,60.0,,0.0034022562830855
C. elegans,neuron,PVWL,5,False,-0.028049788139245836,0.0001948987376894,-0.10002726904810054,-0.0297402439582635,0.0016653985055963,0.00451710477256598,0.6,0.4,-0.028049788139245836,5.0,,-0.0280497881392458
C. elegans,neuron,PVWR,4,False,-0.04589556165677843,0.0442673925738886,-0.3208915145994047,-0.0942872983202423,0.09265912923735248,0.102872255362914,0.75,0.25,-0.019035717321749038,5.0,,-0.019035717321749
C. elegans,neuron,RIFL,7,False,-0.0014374731045434133,0.0159205061498043,-0.06030939800553365,-0.02243777873311065,0.0243237724321878,0.032033482175343464,0.7142857142857143,0.2857142857142857,-0.017958943877973577,56.0,,-0.0179589438779735
C. elegans,neuron,RIFR,20,False,0.008772069930699492,0.0040227597199062,-0.06744987134121007,-0.024390323704684875,0.024862896880633,0.06486834749257492,0.65,0.35,-0.014587961535079344,83.0,,-0.0145879615350793
C. elegans,neuron,RIGL,19,False,0.01827536396539083,0.0168228343960321,-0.03887155031985568,0.00071527868302285,0.03574641555391755,0.0637024784699952,0.7368421052631579,0.2631578947368421,0.007135443378073511,106.0,,0.0071354433780735
C. elegans,neuron,RIGR,19,False,0.030507198575385547,0.0177160583754681,-0.008988633382,0.00379859242799685,0.02894984505994805,0.11066535427969815,0.7894736842105263,0.21052631578947367,0.01803282635410246,89.0,,0.0180328263541024
C. elegans,neuron,RIPL,3,False,0.0329402646717488,0.0082246307077683,0.00316375854381603,0.00541303506112815,0.0481096773003792,0.08001771457446791,1.0,0.0,0.03900802972320096,5.0,,0.0390080297232009
C. elegans,neuron,RIPR,5,False,0.015062117764941738,0.0082246307077683,-0.03939987389735916,0.002228476865899,0.026669718946225,0.07572972290363707,0.8,0.2,0.007624734177588509,9.0,,0.0076247341775885
C. elegans,neuron,RMFL,12,False,0.0032926374099139246,0.0005981357341215,-0.07400064247384772,-0.02973223120427035,0.03788681250868583,0.08359028398127108,0.5,0.5,-0.019891565081958627,49.0,,-0.0198915650819586
C. elegans,neuron,RMFR,6,False,0.005707653064546264,0.0005981357341215,-0.07283690172868305,-0.031029970560435174,0.05271138240960414,0.08336924092988685,0.5,0.5,-0.0037054009685283038,26.0,,-0.0037054009685283
C. elegans,neuron,RMGR,27,False,-0.024431927556861834,0.0050074741225411,-0.19884565742001462,-0.029808636786479346,0.02102603452883405,0.05144703040736915,0.5555555555555556,0.4444444444444444,-0.054582743392229495,100.0,,-0.0545827433922294
C. elegans,neuron,RMHL,9,False,-0.03777619617017607,-0.0061887858232264,-0.3115350768335386,-0.0834548689500998,0.0722051142690488,0.11936218122821453,0.4444444444444444,0.5555555555555556,-0.045117178854223415,11.0,,-0.0451171788542234
C. elegans,neuron,RMHR,8,False,-0.026057113156330115,-0.0097850824624062,-0.10262790788429291,-0.05160096728584955,0.00018443590124449932,0.030228434877272375,0.25,0.75,-0.012655924631717972,27.0,,-0.0126559246317179
C. elegans,neuron,SABD,2,False,0.0536966133770864,0.0536966133770864,0.043301971098788965,0.047921812111365605,0.0594714146428072,0.06409125565538384,1.0,0.0,0.0536966133770864,8.0,,0.0536966133770864
C. elegans,neuron,SABVL,2,False,0.042122121508577304,0.042122121508577304,-0.010706465851610529,0.012772906308472949,0.07147133670868165,0.09495070886876512,0.5,0.5,0.07734117974870251,5.0,,0.0773411797487025
C. elegans,neuron,SABVR,1,False,0.143421741625972,0.143421741625972,0.143421741625972,0.143421741625972,0.143421741625972,0.143421741625972,1.0,0.0,0.143421741625972,4.0,,0.143421741625972
C. elegans,neuron,SDQL,19,False,-0.029025214602401067,-0.0032604183071342,-0.35058603097410457,-0.04784808377237635,0.030159911296677198,0.08917987563243872,0.47368421052631576,0.5263157894736842,-0.07343438765675626,59.0,,-0.0734343876567562
C. elegans,neuron,SDQR,14,False,-0.017522668713922968,0.0015618854198776002,-0.1637835884615445,-0.013758308592188651,0.03175691024626357,0.0649239610524477,0.5,0.5,-0.04006239937900242,113.0,,-0.0400623993790024
C. elegans,neuron,SIADL,7,False,-0.01330267635820527,0.0023484742031619,-0.09136119636737688,-0.0258256671396058,0.01158707310336025,0.035892110116108086,0.5714285714285714,0.42857142857142855,-0.03889499708739629,52.0,,-0.0388949970873962
C. elegans,neuron,SIADR,8,False,-0.051522827095951254,0.00486586016328895,-0.2793909709789077,-0.058482378892041074,0.0243347889759355,0.04436374059498751,0.5,0.5,-0.069472703770304,46.0,,-0.0694727037703039
C. elegans,neuron,SIAVL,6,False,-0.00869917715644215,0.0020099553524576498,-0.058146563064261775,-0.011714095574586051,0.006834277751127476,0.019908529831377225,0.6666666666666666,0.3333333333333333,-0.02681216106330806,26.0,,-0.026812161063308
C. elegans,neuron,SIAVR,5,False,-0.025021611151371657,-0.0186342735085259,-0.06120889302569064,-0.0409830000644328,-0.0032604183071342,0.0025759182499649185,0.2,0.8,-0.02828304089853628,25.0,,-0.0282830408985362
C. elegans,neuron,SIBDL,6,False,-0.004767984632789682,0.013012297560533,-0.08878425965646347,-0.0107112343144149,0.03129799863677912,0.03842280544004525,0.6666666666666666,0.3333333333333333,-0.06494844149005644,16.0,,-0.0649484414900564
C. elegans,neuron,SIBDR,2,False,-0.07343525239343895,-0.07343525239343895,-0.14480415584319148,-0.11308464319885703,-0.03378586158802087,-0.0020663489436864215,0.5,0.5,-0.12630110680066306,12.0,,-0.126301106800663
C. elegans,neuron,SIBVL,6,False,-0.05721476198458645,-0.03912022004697735,-0.18763084229148558,-0.1012802305108374,0.0063033020798537245,0.039122622369642576,0.3333333333333333,0.6666666666666666,-0.057508437380820135,31.0,,-0.0575084373808201
C. elegans,neuron,SIBVR,8,False,0.007315969618184703,-0.00042194799519105,-0.05410968610682629,-0.014155343038802524,0.03355276612472202,0.07309801409160054,0.5,0.5,-0.03414704689232834,37.0,,-0.0341470468923283
C. elegans,neuron,SMBDL,10,False,0.012366286067284371,0.00919780266849505,-0.07143678636129241,-0.013111836996249775,0.04047700674863705,0.09504892930167783,0.6,0.4,0.01759652637642239,66.0,,0.0175965263764223
C. elegans,neuron,SMBDR,10,False,-0.033747545595737075,-0.00218864246705015,-0.25990528836742577,-0.0116483889246569,0.00522788588687505,0.0956507148761519,0.4,0.6,0.009984251535082284,86.0,,0.0099842515350822
C. elegans,neuron,SMBVL,13,False,-0.010717562607267464,0.001864236400056,-0.096656137038207,-0.0106683342147788,0.0049314041219524,0.03789218648104173,0.6153846153846154,0.38461538461538464,0.007202838704767937,53.0,,0.0072028387047679
C. elegans,neuron,VA1,3,False,-0.010970886293125733,-0.0112749313693162,-0.01833685231592866,-0.0151982207841009,-0.006895574340245799,-0.0033920887169894805,0.0,1.0,-0.010123083660262888,16.0,,-0.0101230836602628
C. elegans,neuron,VA10,9,False,-0.00047518719580286667,-0.0005524688016617,-0.00341559549501172,-0.0018936912067194,0.0003112580356513,0.0028082450141078985,0.4444444444444444,0.5555555555555556,-0.0011384718814883568,37.0,,-0.0011384718814883
C. elegans,neuron,VA11,8,False,-2.2735800423502074e-06,-0.0002720793598972,-0.007257723334343165,-0.00467830898019495,0.0012685797707589,0.010668729602541584,0.5,0.5,-0.001080562085006206,47.0,,-0.0010805620850062
C. elegans,neuron,VA12,17,False,-0.02481978179801848,-0.0058234243967274,-0.16359739228026673,-0.0145238159502145,-0.0007390574574838,0.03635259209922232,0.23529411764705882,0.7647058823529411,-0.0170761607550082,100.0,,-0.0170761607550081
C. elegans,neuron,VA2,9,False,-0.02748733974943561,-0.0036377320933886,-0.2140073234651992,-0.0112749313693162,-0.0022682232279848,0.08658562834268085,0.2222222222222222,0.7777777777777778,-0.009739908059950186,56.0,,-0.0097399080599501
C. elegans,neuron,VA3,7,False,-0.0027658666317652717,-0.0014121819889947,-0.00923287177228057,-0.0033681446369244502,-0.0006345611039707,0.0008255499251320289,0.14285714285714285,0.8571428571428571,-0.0050645626957064455,48.0,,-0.0050645626957064
C. elegans,neuron,VA4,7,False,-0.0484544606671608,-0.0009142189836448,-0.2646789118522633,-0.0012108014253285,0.00890726872160625,0.022168672073364024,0.2857142857142857,0.7142857142857143,-0.009835989621004421,37.0,,-0.0098359896210044
C. elegans,neuron,VA5,5,False,-0.0008696760541253,-0.0009142189836448,-0.0033232778426011203,-0.001330379279422,-0.0005111104190032,0.0016808426320708792,0.2,0.8,-8.8231349073783e-05,35.0,,-8.823134907378305e-05
C. elegans,neuron,VA6,9,False,-0.043621273768152384,-0.001330379279422,-0.2294150397842803,-0.0056196904394208,-0.0005111104190032,0.0020876941577531198,0.2222222222222222,0.7777777777777778,-0.00849341461591443,55.0,,-0.0084934146159144
C. elegans,neuron,VA7,8,False,-0.001793664300651032,-0.0008399066632017,-0.005324445396295145,-0.00410791137785125,-0.0001498331989550394,0.001185415860274859,0.125,0.875,-0.0010872349345392635,50.0,,-0.0010872349345392
C. elegans,neuron,VA8,10,False,-0.001945058374874665,-0.0016313929414516499,-0.00437520009604975,-0.0032559082601263,-0.00031820719888600005,-3.4333559938889226e-05,0.1,0.9,-0.001766048098334024,46.0,,-0.001766048098334
C. elegans,neuron,VA9,10,False,-0.0005256647501206958,-0.00064576312957275,-0.003305469451719335,-0.0016129117075459,0.00022920307561266064,0.0026275347715381155,0.3,0.7,-0.0007321826410553346,36.0,,-0.0007321826410553
C. elegans,neuron,VB1,13,False,0.00263365298694807,-0.0044680660458641,-0.01469180423001754,-0.011219275183321,0.0018575255834541,0.04258081911664484,0.3076923076923077,0.6923076923076923,0.014838781975891077,68.0,,0.014838781975891
C. elegans,neuron,VB10,5,False,0.0001951444482608799,0.0001948987376894,-0.00668001145505236,-0.0007390574574838,0.0044550995762349,0.0050750449866937,0.6,0.4,-2.6464465456572325e-05,36.0,,-2.6464465456572264e-05
C. elegans,neuron,VB11,7,False,-0.0037440231361954286,0.0001311251294087,-0.0215162504259348,-0.00153299482065915,0.00093014862164285,0.003724274043142468,0.5714285714285714,0.42857142857142855,0.0011362321139442196,51.0,,0.0011362321139442
C. elegans,neuron,VB2,8,False,-0.009883754133817063,-0.0048477057688853,-0.03377420985103702,-0.0112331892298198,-0.001287691237657225,0.0005478981226326887,0.125,0.875,-0.008681611877370836,67.0,,-0.0086816118773708
C. elegans,neuron,VB3,5,False,-0.0030218874093292806,-0.0014121819889947,-0.006672610374699061,-0.0044680660458641,-0.001091223571235,-0.0009496199011628401,0.0,1.0,-0.001701971222985095,57.0,,-0.001701971222985
C. elegans,neuron,VB4,8,False,0.00039017492003192464,-0.0007489184003388999,-0.006259258313042505,-0.001935434189892275,0.00017387490945744996,0.010975049456611317,0.25,0.75,-0.00014427063499903577,28.0,,-0.000144270634999
C. elegans,neuron,VB5,3,False,-0.0008188746167584667,-0.0005111104190032,-0.00349046327695663,-0.00216630645119955,0.00068243931656025,0.0016372791050110098,0.3333333333333333,0.6666666666666666,-0.00013610584112312184,46.0,,-0.0001361058411231
C. elegans,neuron,VB6,6,False,0.0010148647423324905,-0.00013224786940387875,-0.004818591323147825,-0.0035429072983206252,0.0013827224865173857,0.01097989505248405,0.3333333333333333,0.6666666666666666,-0.00024001474804646132,61.0,,-0.0002400147480464
C. elegans,neuron,VB7,5,False,-0.0030835184186182793,-0.0020940829755031,-0.00638548098245206,-0.0061174491113227,-0.0007705732100254,-0.00014051291880971757,0.2,0.8,-0.0018532564962221046,42.0,,-0.0018532564962221
C. elegans,neuron,VB8,5,False,-0.00273253096083524,-0.0018936912067194,-0.00695101655865622,-0.0020940829755031,-0.0007705732100254,-0.00074536060799212,0.0,1.0,-0.001584010348727514,42.0,,-0.0015840103487275
C. elegans,neuron,VB9,5,False,-0.0016873964035831802,-0.0018936912067194,-0.00695101655865622,-0.0020940829755031,-0.0007390574574838,0.003416268169491159,0.2,0.8,-0.0008107447602928523,42.0,,-0.0008107447602928
C. elegans,neuron,VC1,16,False,0.005829890390047524,-8.997417249285002e-05,-0.0052411174982830745,-0.001626192298742225,0.001964199512802625,0.04364770020527363,0.5,0.5,0.0006603525934080314,54.0,,0.000660352593408
C. elegans,neuron,VC2,16,False,-0.001635975852439994,-8.997417249285002e-05,-0.037855954857127096,-0.00233022174878245,0.001964199512802625,0.04364770020527363,0.5,0.5,0.001348891388062002,55.0,,0.001348891388062
C. elegans,neuron,VC3,23,False,-0.0021792739142613557,-0.0005111104190032,-0.01986623992526998,-0.0023922202695801,0.0016445861620237,0.013136080481274577,0.43478260869565216,0.5652173913043478,0.00019539353607480372,57.0,,0.0001953935360748
C. elegans,neuron,VC4,4,False,-0.01115915465334352,0.00011946942642361081,-0.04234975083312319,-0.012520907812921134,0.001481222586001225,0.004241367814762163,0.5,0.5,-0.008945768366908871,5.0,,-0.0089457683669088
C. elegans,neuron,VC5,8,False,0.014816196358232975,0.00443384527795605,0.00067816820208022,0.0020216773141959253,0.01446549702854085,0.05410505590085333,1.0,0.0,0.016549581956979073,16.0,,0.016549581956979
C. elegans,neuron,VC6,6,False,0.005063362798923867,0.0023249991569621498,-0.002607149020324975,-0.0005055684086904999,0.01162467268351185,0.015267046415812299,0.6666666666666666,0.3333333333333333,0.0039090666196251065,15.0,,0.0039090666196251
C. elegans,neuron,VD1,4,False,0.02871926491972772,-0.0074563317313524,-0.013278455417100286,-0.011864203148076225,0.03312713633645155,0.12136282056806785,0.25,0.75,-0.0003983080909033634,16.0,,-0.0003983080909033
C. elegans,neuron,VD10,2,False,-0.00307061545729155,-0.00307061545729155,-0.006114301600940115,-0.004761552203762975,-0.0013796787108201248,-2.6929313642985253e-05,0.5,0.5,-0.004197906621605833,3.0,,-0.0041979066216058
C. elegans,neuron,VD11,5,False,-0.07620208764790967,-0.0007390574574838,-0.3036671049262451,-0.0081652499544445,0.0002064065022669,0.004225306371900099,0.4,0.6,-0.09593216429008398,8.0,,-0.0959321642900839
C. elegans,neuron,VD12,4,False,-0.002524951088613525,-0.00103283976470915,-0.007139455772068,-0.003036279042562,-0.000521511810760675,5.977413748246981e-07,0.25,0.75,-0.0013471505351538159,19.0,,-0.0013471505351538
C. elegans,neuron,VD13,6,False,-0.06833712973361317,-0.00153299482065915,-0.2905919874914623,-0.02288691601465625,-8.6420517314425e-05,0.00017895533561922502,0.3333333333333333,0.6666666666666666,-0.04145959003640815,19.0,,-0.0414595900364081
C. elegans,neuron,VD2,5,False,-0.013775911531471499,-0.0074271883097858,-0.038966351039126434,-0.0112749313693162,-0.0056196904394208,-5.87713536887211e-05,0.2,0.8,-0.007714960726935179,19.0,,-0.0077149607269351
C. elegans,neuron,VD3,4,False,-0.005379412839797374,-0.0057870892038088,-0.011266582941416919,-0.0112331892298198,6.668718621362498e-05,0.0010785041714381645,0.25,0.75,-0.008478359641383784,13.0,,-0.0084783596413837
C. elegans,neuron,VD4,2,False,-0.00241148463508035,-0.00241148463508035,-0.004262407904785726,-0.003439775340472225,-0.001383193929688475,-0.0005605613653749753,0.0,1.0,-0.0017259574981524336,3.0,,-0.0017259574981524
C. elegans,neuron,VD5,6,False,-0.041689031226056265,-0.0037296172883922504,-0.2849628631161234,-0.006373185463529826,-0.0019072174829136502,0.10723371139962348,0.16666666666666666,0.8333333333333334,-0.03233603913658342,8.0,,-0.0323360391365834
C. elegans,neuron,VD6,4,False,-0.08449536250839648,-0.00220256015021445,-0.29602545647373973,-0.08976384189232055,0.003065919233709625,0.01182480815549192,0.25,0.75,-0.05760407583339628,6.0,,-0.0576040758333962
C. elegans,neuron,VD7,3,False,-0.0030167863134177002,-0.0046680702215921,-0.00476532687817196,-0.0047221016974698,-0.0021371128834528005,-0.0001123470129413605,0.3333333333333333,0.6666666666666666,-0.0036989124670385397,5.0,,-0.0036989124670385
C. elegans,neuron,VD8,3,False,-0.0035307898934342006,-0.0048687650236664,-0.00599258070255707,-0.00549310706749455,-0.00223746028448995,-0.00013241649314879047,0.3333333333333333,0.6666666666666666,-0.0030134580498565,5.0,,-0.0030134580498565
C. elegans,neuron,VD9,2,False,-0.00288974297020265,-0.00288974297020265,-0.005794678497210695,-0.004503596040762675,-0.001275889899642625,1.5192556805394733e-05,0.5,0.5,-0.00353528419842666,5.0,,-0.0035352841984266
Drosophila,region,MB_R,7763,False,-0.07426032588565215,-3.938269045677251e-09,-0.8781629734089117,-0.0643415936483265,0.008000802440821301,0.3156078122598673,0.4053845162952467,0.5827643952080381,-0.0744620882658049,84387.0,0.2786621343203507,-0.1252192110285077
Drosophila,region,MB_L,10026,False,-0.037351889308267334,4.046178666635898e-21,-0.9528579574661826,-0.0207963062570191,0.0084192686351284,0.4361349546144639,0.5288250548573709,0.4493317374825454,-0.013538794889797411,112292.0,0.2782836257019559,-0.0569564167101986
Drosophila,region,VES_L,8257,False,-0.0009923940224907874,0.0003515911122064,-0.1326159872888773,-0.0026267957376508,0.0148753543912097,0.0830235794172036,0.5883492793992976,0.40232529974567033,-0.0033078106008641583,149967.0,0.27738283725128,0.0055564777536826
Drosophila,region,VES_R,7822,False,-0.006652004453436586,0.0002993128853442,-0.1442835068951262,-0.0076711307612681,0.0162033268402433,0.0810941730689352,0.5600869342879059,0.43185885962669396,-0.012812201102631095,150197.0,0.2773233551297182,-0.0027180829781906
Drosophila,region,LAL_L,13857,False,0.00828147968815207,4.4387637313266375e-06,-0.1015075377847145,-0.0006012299256884,0.0136762433110407,0.1092605245136459,0.5863462509922782,0.4032618892978278,0.010117650502523511,261835.0,0.2772695805019357,0.0158525861949458
Drosophila,region,CRE_R,11266,False,-0.004829537419193089,0.0,-0.0406397832478558,-0.0001761139765824,0.000205761955054275,0.0345116107133958,0.4962719687555477,0.4730161548020593,-0.005838847093314994,155791.0,0.2761286420770891,-0.0242509560105475
Drosophila,region,AL_R,20673,False,0.03329743258766693,0.0150319639191359,-0.1431146615982774,7.966611106375753e-08,0.0482389861172489,0.2345946868857504,0.8044309002080008,0.18768441929086246,0.07303521976356286,327790.0,0.2753235577173548,0.0561545807743888
Drosophila,region,CRE_L,14276,False,0.005283219486648148,3.0954652802803516e-28,-0.0258440325843438,-0.00057089153541075,0.0039357699874698,0.0781960772718986,0.5348837209302325,0.4380778929672177,0.011521942898297253,182385.0,0.2752349079404297,-0.0049864930875445
Drosophila,region,ATL_R,249,False,-0.013200948560504295,-1.1384734989599535e-25,-0.0625697489377788,-0.0008862652482854,0.0041301020357399,0.0309900461317047,0.43373493975903615,0.5261044176706827,-0.027579887686374146,3685.0,0.2749467370669525,-0.0228575836458514
Drosophila,region,LAL_R,9999,False,-0.002689642246145195,3.3599373586010605e-05,-0.1522495481885794,-0.0016566985357958498,0.0131097479234666,0.1195694312784815,0.576957695769577,0.4166416641664166,-0.006558999955748,200449.0,0.2748231912483635,-0.009054463137215
Drosophila,region,LH_L,23472,False,0.004333995133339953,0.0001895319332559,-0.0256792584993319,-2.1293298707967978e-07,0.0066423489976992,0.0654240858278853,0.6064246762099523,0.341428084526244,0.002910283714404382,326988.0,0.2747266170786009,0.0073878421151655
Drosophila,region,SIP_R,2776,False,-0.013840592051676103,-4.1703414447085916e-16,-0.1245814925891785,-0.0114060357394551,0.0032900327515235,0.0567748426382446,0.4650576368876081,0.5244956772334294,-0.029419015752971824,35566.0,0.2746739210036054,-0.0268607093638766
Drosophila,region,ATL_L,439,False,-0.010649415429209764,-7.3785634688115025e-19,-0.00725316843746835,-3.511618604856741e-05,3.282989168665297e-06,0.015512375919397728,0.4214123006833713,0.5330296127562643,-0.024293647032232194,5438.0,0.274594540742548,-0.0252259685261034
Drosophila,region,SIP_L,3372,False,0.002502650337910785,2.9299710387255845e-15,-0.0841849478417476,-0.0021270747033984,0.0052785653623608,0.1517070975921493,0.527876631079478,0.46055753262158955,-0.00564879585819665,40588.0,0.2745508119257009,0.010544627094206
Drosophila,region,WED_R,12659,False,0.0016791746858184219,0.0002386736376668,-0.0473080256163882,-0.0005551868798289,0.0046494206199087,0.0457932322525131,0.6290386286436528,0.36369381467730466,0.0007532254037463715,207834.0,0.2744945890588167,0.0018852715074512
Drosophila,region,LH_R,23627,False,0.0023726134784099696,0.0009805794985183,-0.057294230674895,-0.00047740365388719997,0.0104282302913868,0.055267487088136884,0.606467177381809,0.3324586278410293,0.00010509401842562777,306197.0,0.273853837155412,-0.0006085538974333
Drosophila,region,SMP_L,18086,False,0.003752129023885916,0.0,-0.0500929060322557,-0.0008685490756452,0.00206220659423005,0.055799308175337,0.4951896494526153,0.4630653544177817,0.002681778283032123,214028.0,0.273822373758803,0.0110350037003574
Drosophila,region,AVLP_L,21484,False,-0.002541756195902206,0.0001033462455456,-0.0794905415969261,-0.0028165938301449,0.0066987616916477,0.0636665435005327,0.5518059951591883,0.44056041705455223,-0.006773646725235949,297764.0,0.273778991695882,-0.0056654989765472
Drosophila,region,PLP_L,31214,False,0.002864802749220208,3.4001392033833926e-05,-0.0196043014944033,-0.0001003687552695,0.0042259090223554,0.0742076228138383,0.5943166527840071,0.3884474915102198,7.856235532036127e-05,400585.0,0.2735489263155663,-0.0039640878380056
Drosophila,region,SLP_R,14361,False,0.0005647929420553545,3.6850397769019738e-06,-0.0653364052026649,-0.0042357269137554,0.0073124073621057,0.0781063188054619,0.5193231669103823,0.4638952719169974,-0.001479407401976934,166150.0,0.2730052444667763,0.003032188244531
Drosophila,region,SMP_R,18678,False,-9.850091739016059e-05,0.0,-0.0600588240132141,-0.0011724978409937,0.0027423296915478,0.0527926189871722,0.4842060177749224,0.4785308919584538,-0.0024943567079249293,228284.0,0.2729274916525548,0.0035258651882899
Drosophila,region,IB_R,1123,False,0.005865030569270888,0.0002791551101892,-0.0401009510126894,-0.0006166817481403,0.011481642567735099,0.077826384466451,0.6028495102404274,0.38201246660730187,0.003256354512621974,14526.0,0.2727184711382253,0.0179025717583879
Drosophila,region,PLP_R,19758,False,-0.0037322921933691327,0.0001248876328905,-0.02302331615148246,-0.00061059355199655,0.0035966120714659,0.0633822753560396,0.6051725883186557,0.37898572730033403,-0.009946296819014365,253204.0,0.2725505199515929,-0.0210679244802576
Drosophila,region,ICL_L,6712,False,0.0015380816194933806,0.0,-0.03764439846066307,-0.0019486997654623,0.0043219705454941,0.048264783135789434,0.4778009535160906,0.4846543504171633,0.0025058751708901244,96640.0,0.2724809102451052,0.0042850023490588
Drosophila,region,AVLP_R,22414,False,-0.002973994344980594,1.941279969750616e-05,-0.0990429385286253,-0.0028357072499221,0.0066187899857863,0.0642831501805626,0.5355581333095387,0.45587579191576694,-0.00505603988615208,304035.0,0.2724547049385422,-0.0051064366906135
Drosophila,region,ICL_R,6652,False,0.00037195830792103815,-2.4275192518575806e-48,-0.0473080256163882,-0.004271571370024525,0.0033770276920318,0.0512619750506817,0.45414912808177993,0.5130787733012627,-8.354191682332324e-05,95126.0,0.2723005773489785,0.0022242635918467
Drosophila,region,PVLP_L,24266,False,0.004939870111840054,2.210871691798328e-05,-0.048360477985721,-0.0015089458736913,0.006620434668286,0.0642391404033908,0.5635869117283442,0.4329102447869447,0.002831050601105601,300583.0,0.2721715391524906,0.0093178293041694
Drosophila,region,IB_L,950,False,0.013422826482447851,0.0006478667793708,-0.036381356193667905,-0.0006166817481403,0.014368494448380875,0.0836983701238688,0.6347368421052632,0.3494736842105263,0.014912922914310732,12478.0,0.2720715154937995,0.028330329238535
Drosophila,region,SPS_L,15370,False,0.0010622250134204331,2.751334161845364e-05,-0.0624118049106541,-0.0003028046722473,0.0039391494917187,0.0722046782791829,0.5707872478854912,0.41496421600520494,-0.001024839690834085,243915.0,0.272011352355162,-0.0036950516419438
Drosophila,region,SPS_R,16358,False,-0.0015675214164205106,2.5497916267434453e-05,-0.09169230697404891,-0.0010613218071239,0.0046235046079276,0.0720645318119756,0.5588091453722949,0.43049272527203813,-0.0045132256882255434,263837.0,0.2719803083018772,-0.0038048179207285
Drosophila,region,EPA_L,193,False,0.017184757606558108,1.023872154745548e-06,-0.06785957610003215,-0.0008206784549231,0.0066612982795975,0.14690918120537078,0.5699481865284974,0.42487046632124353,0.02950732075504272,3805.0,0.2710581616429286,0.0446293887503689
Drosophila,region,EPA_R,136,False,-0.0037860545165251088,0.0004427919726374,-0.0869611878069662,-0.00294614570194975,0.0121533018126583,0.06488382742973639,0.5735294117647058,0.41911764705882354,-0.0025288846822902776,2374.0,0.2710556796121164,-0.0065737971737475
Drosophila,region,PVLP_R,15082,False,0.007396262456739818,0.0014356800870695,-0.053062977429305,-0.0012382962781445,0.0080384339720667,0.0633418691108746,0.5911019758652699,0.40856650311629755,0.007793377497374008,186656.0,0.270902664910236,0.0094069448566929
Drosophila,region,ME_R,139619,False,0.00046703827841927323,1.1301817691067736e-06,-0.0021347049436287,-0.0002269922985823,0.0005516792271702,0.039488032350359026,0.5257737127468325,0.47234258947564445,0.0008932046222368724,1215614.0,0.2696230209472877,-0.0003966732874369
Drosophila,region,AME_L,425,False,0.00015639384840591942,7.335721773378179e-05,-0.0004032041238876,-8.849218438370271e-06,0.0021440600970566,0.036759646057937134,0.6564705882352941,0.3176470588235294,0.0031286628908944927,4822.0,0.2688859714524277,0.0009690628463992
Drosophila,region,LO_R,87119,False,0.0025808775324792105,1.6377621619244478e-05,-0.0119665615153561,-0.0001021721125936,0.0023571105304068,0.0731950703153132,0.6126447732411988,0.38158151493933584,-0.001318443383270533,921817.0,0.2679576600499964,0.0041107082158664
Drosophila,region,ME_L,90374,False,-0.0016055889423689377,0.0018275923775189,-0.0052167375178731,0.0,0.015891962823092,0.0710951112071277,0.726060592648328,0.2394493991634762,-0.005228855315470061,826925.0,0.2668576074628267,-0.0075254645606196
Drosophila,region,AOTU_L,3566,False,-0.0030111870261430424,0.0002200939321091,-0.1684381270357481,-8.161215742908828e-05,0.0149309882037214,0.1182006782918949,0.6320807627593943,0.35221536735838477,-0.012426220292826341,45324.0,,
Drosophila,region,AOTU_R,3769,False,-0.0096165252126874,8.956429011143929e-11,-0.2083087606560002,-0.0008836183264808,0.0130707138814898,0.0839848496437907,0.5409923056513664,0.44866012204828865,-0.015559079435217052,54886.0,,
Drosophila,region,NO_midline,3580,False,-0.003109727923660421,-2.6418639585736683e-84,-0.0258440325843438,-5.2907867677386504e-05,9.959472099609455e-15,0.0156002555813897,0.426536312849162,0.538826815642458,-0.004889507240073856,50799.0,,
Drosophila,region,PB_midline,3888,False,-0.00781725952394322,-1.6558684392726414e-07,-0.029871865637021,-0.0002284812542526,7.11885795784199e-08,0.0155041457784917,0.3289609053497942,0.6566358024691358,-0.006955287554324579,62363.0,,
Zebrafish,region,rSP,6300,True,0.005156506086949859,-5.134525913277537e-06,-0.04205197533682175,-0.001949965167429784,0.0005683868378422098,0.05788905884339336,0.403015873015873,0.553968253968254,,,0.3707708274360314,0.0054258424041367
Zebrafish,region,SP,6300,True,0.005262859519721038,1.2189502108052204e-16,-0.025866083637681125,-3.836700846196326e-05,0.0007693909177033932,0.08794155508496819,0.53,0.4088888888888889,,,0.3680116091256104,0.0045493457807139
Zebrafish,region,OB,240,True,-0.005702894751609137,0.0,-0.0017256660231987075,-3.386126272784633e-09,5.917089360879307e-09,0.0037508873324332403,0.425,0.4583333333333333,,,0.3671760353642188,-0.0039293395196914
Zebrafish,region,rP,6300,True,0.007369981250586569,1.77821287018471e-06,-0.03955754347543506,-0.00015345362676933016,0.012971057735753598,0.09035302794018786,0.5785714285714286,0.3942857142857143,,,0.3615916845407644,0.0080757533219854
Zebrafish,region,rOB,74,True,0.006601919342787563,0.0,-0.04001708010990404,-2.762450370949608e-07,1.4638698929088593e-58,0.0035572999409257183,0.32432432432432434,0.4594594594594595,,,0.3606686528908506,0.0051974446397625
Zebrafish,region,P,6300,True,0.0005722470967397916,2.286456733242399e-60,-0.06444011949909308,-4.026869041866659e-05,0.002576949665665748,0.08027881309730167,0.5071428571428571,0.43412698412698414,,,0.3602381175127079,0.0007819844131356
Zebrafish,region,rPO,6300,True,0.007981036822065617,2.996713839643812e-07,-0.06279580313160621,-9.912744338603338e-05,0.013893743255689473,0.07567714126242438,0.569047619047619,0.37746031746031744,,,0.3592067125583424,0.0070529594856643
Zebrafish,region,rHb,6300,True,0.005875992978584651,1.2875943865041693e-31,-0.006668115655051041,-1.7410423127561066e-06,0.0001295990576780646,0.03986486520219882,0.5271428571428571,0.43,,,0.3569570426471104,0.0060624678249321
Zebrafish,region,PO,6300,True,0.008369597943244584,1.26936200754467e-08,-0.02888191637334281,-2.9189444689880833e-05,0.0075651462370453885,0.07393382911182611,0.5615873015873016,0.38142857142857145,,,0.3514208021642844,0.007651821933866
Zebrafish,region,rTh,6300,True,-0.011532674574837034,-3.9312762936505495e-05,-0.1173007083595824,-0.02820591927180472,0.0044218080567835485,0.07998240623300805,0.4255555555555556,0.5598412698412698,,,0.3476003744539429,-0.0115055089491851
Zebrafish,region,MOS3,6300,True,-0.01648599703924677,-0.00011764991793224104,-0.11528626169636688,-0.03287998579355989,1.976746975609067e-06,0.03829809233602986,0.31777777777777777,0.6642857142857143,,,0.3427450380559998,-0.0162184845678227
Zebrafish,region,Hb,6300,True,0.01794462505993556,0.008126057020192687,-0.0046143138360451984,2.3940501815211726e-36,0.022131631154137864,0.05096047944961329,0.7692063492063492,0.20857142857142857,,,0.3425851700633503,0.0186363567850836
Zebrafish,region,rPT,6300,True,-0.009374302628298243,-1.6102664244771737e-13,-0.1191950976982653,-0.008000056540583535,0.004964382470495496,0.06422242089595617,0.4741269841269841,0.5122222222222222,,,0.3381307525751053,-0.0084392741875102
Zebrafish,region,rMOS3,6300,True,-0.016772498778276478,-0.00016431323764386604,-0.12520736246751313,-0.04234286848541727,4.5291601624780434e-05,0.06224038281464304,0.3333333333333333,0.6482539682539683,,,0.3336398480067394,-0.0172526004907137
Zebrafish,region,pRF,6300,True,-0.015932099384590667,-0.00033564203861585187,-0.12102320676332853,-0.040954103864883074,0.00016563569700454444,0.06649012062144079,0.34904761904761905,0.6296825396825397,,,0.3329161749563052,-0.0166088560731735
Zebrafish,region,rTeO,6300,True,-0.020506253955119094,-0.0033028016541425407,-0.12327080131012932,-0.05202289931492805,0.00013644134078839634,0.0661028832554435,0.30984126984126986,0.6749206349206349,,,0.332032846214792,-0.0216086515834824
Zebrafish,region,rPrT,6300,True,-0.021148708826320646,-0.0035485433351992984,-0.11720235816431003,-0.05442921666907262,0.0004527259218012041,0.06783605453495141,0.3192063492063492,0.6717460317460318,,,0.3316452819795608,-0.0216094635117028
Zebrafish,region,MOS1,6300,True,-0.010881469929445695,-1.976663666426008e-07,-0.12985413454522815,-0.013291391848388102,0.0018418898653381152,0.06877515429845843,0.4315873015873016,0.5484126984126985,,,0.3295841016803318,-0.011205884013935
Zebrafish,region,Th,6300,True,-0.016815967757227483,-4.212607327527455e-05,-0.14429832230113263,-0.03544701126292523,0.0035160325635065193,0.06718659023784548,0.4095238095238095,0.5719047619047619,,,0.3286946724177476,-0.0167647261194003
Zebrafish,region,rT,6300,True,-0.02109395708123169,-0.006371811704860828,-0.1124892785383311,-0.052376367408991764,0.0005587436570501432,0.06205511581178203,0.31523809523809526,0.6747619047619048,,,0.3282912645901118,-0.0210318039375545
Zebrafish,region,T,6300,True,-0.018380731934890537,-0.0023529700171243577,-0.11397807865906592,-0.04517461607255827,0.0006423375749459564,0.05173259609099617,0.3226984126984127,0.6671428571428571,,,0.327488469949286,-0.0177671344107358
Zebrafish,region,rRa,6300,True,-0.02048882261494365,-1.4632383407643963e-05,-0.10923562828358188,-0.04013425624687472,2.995144730641563e-07,0.030558905630772997,0.3376190476190476,0.6357142857142857,,,0.3256467983130191,-0.0211549087893076
Zebrafish,region,rMOS1,6300,True,-0.011776128425274987,-5.7220600769358656e-05,-0.1278528314934282,-0.018894085688763277,0.0003555061153450032,0.07681321398192117,0.37507936507936507,0.6087301587301587,,,0.3252162396870898,-0.0121947262419649
Zebrafish,region,Ra,6300,True,-0.01397535946907431,-6.778836726530703e-06,-0.10296957030246448,-0.022994564030198374,4.151761576058324e-05,0.050376486352066194,0.3711111111111111,0.6084126984126984,,,0.3250958442424731,-0.0135398362595772
Zebrafish,region,MOS5,6300,True,-0.010236456603268313,-6.797474121225444e-06,-0.11522516828512497,-0.004365400637372252,2.500154171064167e-06,0.05000698449143537,0.346031746031746,0.6273015873015872,,,0.3245294208743777,-0.009557861466397
Zebrafish,region,rpRF,6300,True,-0.007145016702287217,-8.231306519211929e-05,-0.10325166212144038,-0.01001038976855453,0.00012075036531400953,0.06569157218552812,0.36253968253968255,0.6177777777777778,,,0.3229966092212405,-0.0083056579273384
Zebrafish,region,PT,6300,True,-0.008120810266068082,0.0,-0.12170539065379023,-0.010792869943316534,0.009463702032756326,0.059455894587577496,0.4955555555555556,0.49,,,0.322795893233018,-0.0075546111624817
Zebrafish,region,rMOS5,6300,True,-0.010225378237613112,-8.958247007542337e-06,-0.11693917534377093,-0.005380222243978247,1.9675360240683445e-05,0.05245604363490612,0.3626984126984127,0.6161904761904762,,,0.3227070254352224,-0.0095760656987155
Zebrafish,region,TeO,6300,True,-0.012545465239321318,-0.00012653169862593896,-0.12089952695695531,-0.03010043347644809,0.0011644953230480989,0.07375870248884571,0.3655555555555556,0.6104761904761905,,,0.321184566564982,-0.0129117138782048
Zebrafish,region,PrT,6300,True,-0.020298548045895082,-0.0008296747286839353,-0.12893343708597485,-0.046786182241457364,0.0011351690383681183,0.05363991188229145,0.3531746031746032,0.6346031746031746,,,0.3195078728259496,-0.0198879918570197
Zebrafish,region,TS,6300,True,-0.008682917240462922,-5.221469191217792e-05,-0.09763818647531675,-0.0175946606412867,0.0016571604101034405,0.06650470047060857,0.38015873015873014,0.6022222222222222,,,0.3187393710390141,-0.0099806656816551
Zebrafish,region,MOS2,6300,True,-0.011952565222656237,-1.8053939335920193e-06,-0.11249436766393585,-0.009634691591494687,6.255235235665367e-05,0.052466379681881656,0.3819047619047619,0.5971428571428572,,,0.3184847973253438,-0.011455358257509
Zebrafish,region,MOS4,6300,True,-0.00780096065940872,-6.253540130070333e-06,-0.10967540507553618,-0.0034358625116445813,4.0726998546515645e-06,0.05185066842901412,0.3511111111111111,0.6250793650793651,,,0.3174002983031146,-0.0091306886283039
Zebrafish,region,rCb,6300,True,-0.01783093470755397,-0.0003989799143088084,-0.12868467128512384,-0.025851802633379495,4.791308881221176e-10,0.03794388217295356,0.2792063492063492,0.7015873015873015,,,0.3173516428863684,-0.0188428485475228
Zebrafish,region,Cb,6300,True,-0.014674843827452787,-0.00012111612687005163,-0.11628805687796462,-0.01924284308332414,2.2875922375279283e-07,0.029701229474654596,0.29968253968253966,0.6701587301587302,,,0.3153132765626386,-0.0141297184531264
Zebrafish,region,rMON,6300,True,-0.014215906996241316,-5.787029033563638e-06,-0.12023501344281848,-0.006233585463917128,2.345119266018011e-10,0.02674399827346373,0.3253968253968254,0.6501587301587302,,,0.3151442719997253,-0.0143861651136481
Zebrafish,region,MON,6300,True,-0.010186729956667445,-1.441562548913734e-06,-0.08082656526944779,-0.002357422035749369,8.791701337952384e-09,0.011678972474782388,0.3250793650793651,0.6461904761904762,,,0.3147048627913153,-0.0103798661957588
Zebrafish,region,aRF,6300,True,-0.0155969408930485,-0.00014425268655541732,-0.11402786059491886,-0.035049321526829366,3.3370612167031165e-05,0.04430123569897849,0.34444444444444444,0.6353968253968254,,,0.3140006359072503,-0.0155544822573745
Zebrafish,region,TL,6300,True,-0.05458095796386804,-0.061121139158575505,-0.13215452213815157,-0.10015088779213084,-0.004703499532469055,0.02825195222891287,0.16158730158730158,0.8365079365079365,,,0.3131429600676906,-0.0545503601227678
Zebrafish,region,rMOS4,6300,True,-0.010672472448414044,-8.967694765320528e-06,-0.12239861593443714,-0.004563109457857668,1.971001063256714e-05,0.05153886395252094,0.36412698412698413,0.616031746031746,,,0.3112084944032486,-0.0103345024790689
Zebrafish,region,rMOS2,6300,True,-0.003122143734130892,-1.6822905783951213e-06,-0.08486227008349777,-0.0018847999336750678,0.0004105328490114397,0.05487718383008447,0.4201587301587302,0.5652380952380952,,,0.3109917860824364,-0.0021787136307454
Zebrafish,region,imRF,6300,True,-0.02264498282617839,-0.005132035056966316,-0.11068219840933308,-0.05386260237300983,2.66737046898625e-06,0.04594435488391871,0.2903174603174603,0.693968253968254,,,0.3100590899500802,-0.0231345974881956
Zebrafish,region,rNX,6300,True,-0.024037582322833494,-1.4064108591757502e-05,-0.13414404558707907,-0.022284775638066162,5.63616436801015e-08,0.021951630978338785,0.3434920634920635,0.6379365079365079,,,0.3057767917003242,-0.0231380500189062
Zebrafish,region,NX,6300,True,-0.004953243641542335,-6.975604014011635e-10,-0.1020677404786896,-0.0018783232437596083,0.0001520565819646842,0.05902096311956003,0.4192063492063492,0.5542857142857143,,,0.3049761517065482,-0.0051548129889921
Zebrafish,region,rimRF,6300,True,-0.025285561488560624,-0.011196883334942662,-0.11167946592946323,-0.06012684627776003,3.460690074765778e-08,0.05066378574553914,0.27111111111111114,0.7142857142857143,,,0.3029837656647399,-0.0248755775793752
Zebrafish,region,raRF,6300,True,-0.02029478596935098,-0.0007189097107209417,-0.14668131639127246,-0.04229726581249832,1.9347005618594782e-05,0.060160909033393335,0.30936507936507934,0.6714285714285714,,,0.2979164304441501,-0.0216037993306025
Zebrafish,region,rTS,6300,True,-0.008283549310019655,-0.000820618861079634,-0.0878379404997301,-0.023428619003574777,0.0017913080388864545,0.08328284896471347,0.3682539682539683,0.6214285714285714,,,0.2964189996255964,-0.0114810305984705
