species,node,class_order,class_label,EdgeStdFCV,PostDCA,PreDCA,Modularity,LogOutIn,sc_profile_cluster,cluster_order
C. elegans,ADAL,4,integrative relay,-0.5645734043288303,-0.0506460303835138,0.0264221825014289,0.3572965606407512,0.9694005571881036,4,88.0
C. elegans,ADAR,4,integrative relay,-1.1131455752456976,-0.0456181331762736,0.0322677412610034,0.3931455113085331,0.7348198769605134,4,98.0
C. elegans,ADEL,2,other sensory,-0.9594206912803368,-0.03157723490657,0.1383355165121818,0.5232073289505723,1.170932950247736,4,96.0
C. elegans,ADER,2,other sensory,-1.2232546837023324,-0.0379609791744908,0.055715481108768,0.4472562074928453,0.8434293836092832,4,99.0
C. elegans,ADLL,0,olfactory / chemosensory,-0.239247555449999,-0.0220011079190079,0.0364596536509274,0.4298889504713291,2.0082140323914683,4,72.0
C. elegans,ADLR,0,olfactory / chemosensory,0.3055545828186178,-0.0163826686176243,0.0130064956132039,0.4564707756039977,1.0601460078403135,4,84.0
C. elegans,AIBL,5,associative / learning,0.9811485212148382,-0.0362443906814683,0.0210420056080165,0.4803576556739287,-0.4093335848860847,1,5.0
C. elegans,AIBR,5,associative / learning,0.8820471275512428,-0.018654001099111,0.0187936784794491,0.4907818875041301,-0.7919477653040387,3,38.0
C. elegans,AIML,5,associative / learning,0.9681821108084344,0.003309356207847,0.0051363806056891,0.4884764542936288,1.0498221244986776,4,82.0
C. elegans,AIMR,5,associative / learning,0.7860068505129321,0.006319478465967,0.0144970585762402,0.565523928277917,1.3564413979702097,4,86.0
C. elegans,AINL,5,associative / learning,0.364216525156013,-0.0027406274381846,0.0163902618178463,0.4471630420855222,1.6739764335716716,4,63.0
C. elegans,AINR,5,associative / learning,-0.4216258862265929,0.0050045042788847,0.0082381453760399,0.5147724614921984,2.0243817644968085,4,62.0
C. elegans,AIYL,5,associative / learning,-0.7231062055225451,0.0387711934053101,0.014331784418101,0.3995716822787896,0.4534743272945249,5,108.0
C. elegans,AIYR,5,associative / learning,-0.1312169578002816,0.0538733599112803,0.0090704486755844,0.4216142261088249,0.4380086558406358,5,109.0
C. elegans,AIZL,5,associative / learning,-0.8896008985456061,0.0204181099660161,0.0474467650663529,0.403145092335744,0.1375555429242481,6,117.0
C. elegans,AIZR,5,associative / learning,-1.3167952854281442,0.020458202282866,0.0485028683518328,0.3995200126791898,-0.0962768304354198,1,9.0
C. elegans,ALA,6,state-dependent / modulatory,-0.3667136375340386,-0.0440910493247112,0.0339861142347755,0.5251595457003787,0.6931471805599453,4,74.0
C. elegans,AQR,2,other sensory,-0.5066244403314731,-0.0209444244297973,0.0392952149138182,0.330075863261283,0.9162907318741552,4,89.0
C. elegans,ASEL,0,olfactory / chemosensory,0.5999583936775703,0.0406559890302322,0.0092507197028675,0.3711846860219897,1.2299482907291963,4,54.0
C. elegans,ASER,0,olfactory / chemosensory,0.7767642771058964,0.0341258340724581,0.0167177457883876,0.3970476139049279,0.3841423386393431,5,106.0
C. elegans,ASGL,0,olfactory / chemosensory,0.8773969832466972,-0.005239233925971,0.0084972584535816,0.0621280276816608,1.329135947279942,4,48.0
C. elegans,ASGR,0,olfactory / chemosensory,0.2448407951202664,-0.0032007243294031,0.0077206012072321,0.22562269161503,1.203972804325936,4,70.0
C. elegans,ASHL,0,olfactory / chemosensory,0.6738876331718797,-0.0173948774511532,0.0224048983033459,0.4376725188340011,1.820332841672111,4,59.0
C. elegans,ASIL,0,olfactory / chemosensory,1.1971120119688037,0.0315659701679215,0.0068757177773338,0.4106647427926599,0.8938178760220965,4,83.0
C. elegans,ASIR,0,olfactory / chemosensory,0.4849856275222814,0.0078253633617394,0.019999902767536,0.1967643229166666,1.3862943611198906,4,65.0
C. elegans,ASKL,0,olfactory / chemosensory,0.5828654075667257,-0.0047926839170861,0.0005737168630484,0.2275627364270872,-0.0400053346136991,1,7.0
C. elegans,ASKR,0,olfactory / chemosensory,-0.111505099651864,-0.0025467418219997,0.0013774354586308,0.1938461441825114,0.7295148247308201,4,64.0
C. elegans,AUAL,5,associative / learning,-0.2375001825649381,-0.0233954949985874,0.017243294126609,0.2726225337780541,0.5679840376059393,4,102.0
C. elegans,AUAR,5,associative / learning,-0.1618779789119584,0.0397360446297983,0.0408527209317716,0.2167766360194699,0.4432054360910114,4,85.0
C. elegans,AVAL,3,sensorimotor output,0.9531506706687886,-0.0295817709980234,0.086423045263819,0.3749229961531944,-0.9065051814514368,3,41.0
C. elegans,AVAR,3,sensorimotor output,0.6793322880147115,-0.0148945580873344,0.0847952555575249,0.3763742404559555,-0.8751742299154585,3,42.0
C. elegans,AVBL,3,sensorimotor output,0.9244595349435024,-0.1313519933416719,0.0403147503096905,0.2947976277139517,-1.6671170240207784,3,17.0
C. elegans,AVBR,3,sensorimotor output,0.1153840283642345,-0.1595382746962184,0.0233360646545585,0.3390416079285745,-1.774059892128654,3,18.0
C. elegans,AVDL,3,sensorimotor output,-1.1411070088143918,-0.1976308639164232,0.0793065898466523,0.2478297628653375,-0.6218223997380151,2,13.0
C. elegans,AVDR,3,sensorimotor output,-1.3811287570778246,-0.2185806460870022,0.0660833213264959,0.2689782065733802,-0.3879974150677734,2,14.0
C. elegans,AVEL,3,sensorimotor output,0.6126277611952423,-0.0709595308692543,0.0383452695813948,0.4592745296765282,-0.9393560048051512,3,34.0
C. elegans,AVER,3,sensorimotor output,0.6490924362642085,-0.1345850558722683,0.0269708710480729,0.4598192064406438,-0.7925196543731491,3,32.0
C. elegans,AVHL,4,integrative relay,-1.5393466206490338,-0.0037987991755094,0.0136927022851149,0.3631997106388109,0.2336148511815051,6,110.0
C. elegans,AVJL,4,integrative relay,-1.0183124792536458,-0.0429685802419464,0.0227191287952742,0.2941566448083891,-1.0379876668516748,3,19.0
C. elegans,AVJR,4,integrative relay,-1.2501322912349255,-0.069185953467657,0.0337457433925746,0.239504463800185,-0.3513978868378886,3,33.0
C. elegans,AVKL,4,integrative relay,0.7325166341555567,0.0133027442023605,0.0023213032229562,0.4062744801512287,-0.7205461547480597,3,35.0
C. elegans,AVKR,4,integrative relay,0.1289578386435944,-0.0135462210341531,0.0070625858229213,0.370024052329843,-0.7062192621272981,3,36.0
C. elegans,AVL,4,integrative relay,-0.1539672773458583,-0.0069589402806569,0.0202975222955369,0.4892679477790965,-0.1541506798272583,1,10.0
C. elegans,AWAL,0,olfactory / chemosensory,0.5762403946624005,0.0234944405480528,0.06721188019773,0.1805368927110395,1.0628942060660305,4,66.0
C. elegans,AWAR,0,olfactory / chemosensory,-0.4659730577520273,0.0178208159686248,0.010277817085978,0.411385050847887,1.452252328911688,4,56.0
C. elegans,AWBL,0,olfactory / chemosensory,0.2047008282547995,0.0439161015987454,0.0144368852043384,0.2960149572649572,0.9501922835498364,4,55.0
C. elegans,AWBR,0,olfactory / chemosensory,-0.6363961913476046,0.0412973584883009,0.0262123003665272,0.3115502037054492,0.7178397931503168,4,87.0
C. elegans,AWCL,0,olfactory / chemosensory,0.3811994243559774,0.0358871084858854,0.014307224674721,0.3206295091278699,0.1590646946296872,6,112.0
C. elegans,AWCR,0,olfactory / chemosensory,-0.358798074346615,0.0309666411000357,0.0160595269847305,0.4016662639712923,0.5753641449035618,4,78.0
C. elegans,BAGL,2,other sensory,1.4517242918919655,0.0300907143407224,0.0161606786518617,0.2745214862075436,0.758529939822797,4,91.0
C. elegans,CEPDL,2,other sensory,-0.5279938050716838,0.0018778648141152,0.0311642340545337,0.5219449779456764,1.4328143767547836,4,90.0
C. elegans,CEPDR,2,other sensory,-1.0336978149852607,0.0292962675616043,0.0358032711083191,0.4627199006949319,1.8899514954072687,4,60.0
C. elegans,CEPVL,2,other sensory,-0.6287699083132322,0.008011582336464,0.040540942258045,0.3108368991671182,1.127811443360372,4,61.0
C. elegans,CEPVR,2,other sensory,-0.5960980289885239,0.0209005380391964,0.0403269229414609,0.4548282521767759,0.7013104911991062,4,76.0
C. elegans,FLPL,2,other sensory,-0.8686396013499773,-0.1149491501054033,0.080275585349633,0.1677120656435911,2.2308411881352046,4,47.0
C. elegans,FLPR,2,other sensory,-1.3991211090469498,-0.0595770609716446,0.0560912591379397,0.2001232642756367,2.6567569067146595,4,51.0
C. elegans,IL1DL,2,other sensory,-0.290695203170446,-0.0470399069015458,0.0336350446821504,0.4077692557422286,-0.5465437063680699,3,30.0
C. elegans,IL1DR,2,other sensory,0.336274529306921,-0.0867933481889604,0.002643577751553,0.496813322368421,0.394993808240869,5,104.0
C. elegans,IL1L,2,other sensory,0.3664802206317709,-0.1317128809018447,-0.0039304772272032,0.4727970679012345,0.8174448972375224,4,94.0
C. elegans,IL1R,2,other sensory,0.9045791661704076,-0.1190846052040121,-0.0438247959518256,0.3314422053193013,0.7731898882334817,4,103.0
C. elegans,IL1VL,2,other sensory,-0.0340689282916831,-0.1106772305974841,0.0182299836093793,0.2959274074471797,0.1017826943099423,6,114.0
C. elegans,IL1VR,2,other sensory,0.9773081250372956,-0.115110472722582,0.0178492388328706,0.3972229377406172,0.1978257433299198,6,115.0
C. elegans,IL2DL,2,other sensory,-1.0430143798119822,-0.0110232982195794,0.0088692614077106,0.319031330557208,3.355735007585398,4,49.0
C. elegans,IL2DR,2,other sensory,-0.7618633025286567,-0.000330936826991,0.0282467465529814,0.3780383613140245,2.0455399900041544,4,69.0
C. elegans,IL2L,2,other sensory,-0.5413112599527531,0.0214399059599486,0.0207946452853961,0.4087534626038781,1.9095425048844383,4,73.0
C. elegans,IL2R,2,other sensory,0.0582789090686981,0.0348992853034019,0.0434480259894494,0.4042315455594002,1.992430164690206,4,71.0
C. elegans,IL2VL,2,other sensory,-1.204093230845751,0.0085666374188124,0.0879947238929901,0.2679792014600299,3.0349529867072724,4,52.0
C. elegans,IL2VR,2,other sensory,-0.6951096324652956,0.0041169460878454,0.0259245979936007,0.2110145552044431,2.3092296357127142,4,50.0
C. elegans,OLLL,2,other sensory,0.6043314415104001,-0.0479790230159389,0.0389772717467841,0.3420431302239842,1.4744016286301571,4,58.0
C. elegans,OLLR,2,other sensory,0.4679520859572197,-0.0655555465092243,0.0191452047984926,0.4398517435566541,0.8945169323245945,4,101.0
C. elegans,OLQDL,2,other sensory,1.044455240180571,-0.0326671478443268,0.0288424075297569,0.5248762226784205,-0.4542552722775964,1,6.0
C. elegans,OLQDR,2,other sensory,0.2260494381273295,-0.0663809698349078,0.0168308790072615,0.4286439550435909,-0.5447271754416722,3,29.0
C. elegans,OLQVL,2,other sensory,1.1522735251549137,-0.0640467284785841,0.0290035707616337,0.4910206881106351,-0.7835312420282143,3,39.0
C. elegans,OLQVR,2,other sensory,0.3974154971940922,0.0031116311161349,0.0084779199831973,0.400503363506727,0.2341933875007947,6,111.0
C. elegans,RIAL,5,associative / learning,-0.135090286859046,-0.1068063283929411,0.0354208623053253,0.4201204210446024,-0.0813846037821148,1,2.0
C. elegans,RIAR,5,associative / learning,-0.9000943161439778,-0.1128020250203805,0.0216750078415792,0.4450689391668671,0.0597879183789734,6,118.0
C. elegans,RIBL,5,associative / learning,1.0562991765375076,-0.0017944493823752,0.0543817177280561,0.4358090848488012,-0.9702311220199028,3,45.0
C. elegans,RIBR,5,associative / learning,1.0345687486246304,-0.0082841723681434,0.0584895164387816,0.3769807638799111,-1.297815632436311,3,21.0
C. elegans,RICL,6,state-dependent / modulatory,-0.5805296414732438,-0.1487716846368256,0.0147470578981035,0.4306980168526355,0.0652405218684009,6,119.0
C. elegans,RICR,6,state-dependent / modulatory,-0.9067290125922598,-0.125830984124138,0.0181399683287866,0.4578635417006111,-0.0582689081239757,1,3.0
C. elegans,RID,4,integrative relay,1.206516453563277,0.0108227569268958,-0.0239406992120578,0.5330485344725288,-1.1921383466789333,3,43.0
C. elegans,RIH,4,integrative relay,0.4543163228650999,0.0518737270452255,0.0104559454494932,0.5957600475624257,0.8777184570879153,4,79.0
C. elegans,RIML,6,state-dependent / modulatory,1.033370210717337,-0.0410927478715281,0.0277581148191426,0.3285938203888945,-0.1727521057778039,1,8.0
C. elegans,RIMR,6,state-dependent / modulatory,0.9796523400915012,-0.043059513472717,0.0455336622273041,0.3778852103804485,-0.4845083154486173,3,31.0
C. elegans,RIR,4,integrative relay,0.4412472230242808,0.0444727599698452,0.0268520614976934,0.4274124142846671,0.3817110221000572,5,107.0
C. elegans,RIS,6,state-dependent / modulatory,0.9586480487944484,-0.0219287788226396,-0.0137384618947002,0.4406477811510279,1.5664205273504097,4,57.0
C. elegans,RIVL,3,sensorimotor output,0.997230902250066,-0.01428840361736,0.0324876634470004,0.1368065837556789,0.0454623740767574,6,120.0
C. elegans,RIVR,3,sensorimotor output,0.876074376911276,0.0019053193605542,0.0898898680120462,0.1900786913704253,0.3867729750960119,4,93.0
C. elegans,RMDDL,3,sensorimotor output,-0.4266990564743954,-0.0754488343026982,0.0582212357254225,0.3166163176557123,-1.9989026791958235,3,27.0
C. elegans,RMDDR,3,sensorimotor output,-0.8017471487953932,-0.1916640041512533,0.0618211414162167,0.2165272517464771,-2.239336062686346,3,28.0
C. elegans,RMDL,3,sensorimotor output,0.9849602606250734,0.059394912417754,0.0471625234151796,0.3100312388510368,-0.6341488397979895,3,44.0
C. elegans,RMDR,3,sensorimotor output,-0.1332431479505051,0.0535552292500498,0.0671156029426061,0.3189549395574071,-1.0266387890430204,3,23.0
C. elegans,RMDVL,3,sensorimotor output,-0.248109221383357,-0.1382482450584931,0.0752928416535763,0.3450067584209044,-1.5500836697849176,3,15.0
C. elegans,RMDVR,3,sensorimotor output,-0.7670583706691313,-0.1408615511985975,0.0708327969591204,0.3246346119509186,-1.4240346891027378,3,16.0
C. elegans,RMED,3,sensorimotor output,0.3662126499559935,-0.1161553818148787,-0.0362869662245754,0.4534183673469387,-2.2246235515243336,3,22.0
C. elegans,RMEL,3,sensorimotor output,1.206894611334205,0.0299403921694242,0.0152548246003602,0.441504385312918,-2.512305623976115,3,25.0
C. elegans,RMER,3,sensorimotor output,0.8615438524198483,0.0352811430380435,0.0176861883629082,0.3342415229030339,-2.3632097148104805,3,26.0
C. elegans,RMEV,3,sensorimotor output,0.8770372523427571,-0.0497425749578728,0.005031462257574,0.4738242407954851,-2.145399509471633,3,24.0
C. elegans,RMGL,6,state-dependent / modulatory,-1.184630788789381,-0.064570897442933,0.0069226372171253,0.4805985521401792,0.461345566502621,5,105.0
C. elegans,SAADL,3,sensorimotor output,0.4228558155914764,-0.1010687288441655,-0.0008080246668527,0.516926347114465,-0.2363887780642304,1,11.0
C. elegans,SAADR,3,sensorimotor output,0.2322001526469293,-0.1204589684187786,0.0181883324272895,0.4569661924387638,0.243230309880947,6,116.0
C. elegans,SAAVL,3,sensorimotor output,0.0230766114130068,-0.1512837405952934,0.0015495056890599,0.4653281804756967,0.8807457944547437,4,95.0
C. elegans,SAAVR,3,sensorimotor output,-0.0947303247555859,-0.1553687869686358,-0.0550444047887704,0.3556266497146253,0.8846853924588238,4,100.0
C. elegans,SMBVR,3,sensorimotor output,0.720566827203706,0.0171129176168821,0.0277254575230129,0.3268780381530752,-0.5212969236332861,3,37.0
C. elegans,SMDDL,3,sensorimotor output,0.4548987190159245,0.0352876123337124,0.0629079901978605,0.3894483134515569,-0.8338145100499166,3,46.0
C. elegans,SMDDR,3,sensorimotor output,0.2208586436124091,0.0087023418880462,0.0624276012326744,0.4206810395498433,-1.1997974329154553,3,20.0
C. elegans,SMDVL,3,sensorimotor output,1.1500043900545958,0.0353375882419749,0.0865327352777593,0.4092896338557481,-0.0359320092260633,1,12.0
C. elegans,SMDVR,3,sensorimotor output,0.4941198092821146,0.0272627736396793,0.0623310882135218,0.4294394768133175,-0.1987345864352847,1,4.0
C. elegans,URADL,3,sensorimotor output,-1.7373366046987515,-0.006445655224464,0.008569245915579,0.1052260952668376,-0.1643030512912763,3,40.0
C. elegans,URADR,3,sensorimotor output,-1.6302583024171546,-0.0164230688380995,0.0245333262156602,0.0996444444444444,0.0,1,1.0
C. elegans,URAVL,3,sensorimotor output,-1.038814546608589,-0.0316193482880172,-0.0198106262262553,0.3676983310470965,0.5340824859302579,4,80.0
C. elegans,URAVR,3,sensorimotor output,-0.976791306592615,-0.0013509457379679,0.0179200981281793,0.3436472084557694,0.4289956055183586,4,75.0
C. elegans,URBL,4,integrative relay,-0.4708821787532142,0.0151356690304579,0.0224793630567143,0.4615051903114187,1.3256697393034558,4,92.0
C. elegans,URBR,4,integrative relay,-0.4622202745889068,0.0219748405314457,0.0282070519255408,0.4083706942616221,0.6390799592896695,4,77.0
C. elegans,URXL,2,other sensory,-0.0922453345713533,0.0381057915407909,0.0200050339790527,0.421987918367347,0.2371297932889497,6,113.0
C. elegans,URXR,2,other sensory,-0.6372974753910494,0.0304554844923096,0.0238950085354862,0.4099608935115988,0.5520685823000399,4,81.0
C. elegans,URYDL,2,other sensory,0.0412032610255655,-0.1082198964317172,0.0173016284798848,0.4225650867402339,1.0541605260972755,4,97.0
C. elegans,URYDR,2,other sensory,-0.2085975773899617,-0.0869393635161708,0.0284466316757938,0.5109393195012282,1.840549633397487,4,53.0
C. elegans,URYVL,2,other sensory,0.3340720082360938,-0.050768606334913,0.0151823209815332,0.3645391330038312,2.1365999555197845,4,68.0
C. elegans,URYVR,2,other sensory,-0.3294070467994306,-0.0965866123587528,0.0231846249185374,0.3099703980873698,1.8899514954072687,4,67.0
Drosophila,AL_R,0,olfactory / chemosensory,1.101799983131912,0.0561545807743888,0.1873230453747798,0.3539310216217944,0.942654171698268,2,5.0
Drosophila,AME_L,1,visual / optic,-1.4109663844433546,0.0009690628463992,-0.0382219113075164,0.1346819197896122,-0.7256292855814004,6,29.0
Drosophila,ATL_L,4,integrative relay,-0.519659204549771,-0.0252259685261034,-0.0016520549505539,0.3500566893424038,-0.4284893371053548,6,33.0
Drosophila,AVLP_L,4,integrative relay,1.6328346151869817,-0.0056654989765472,0.0074025770754116,0.4619114472657809,-0.9574654046017432,6,30.0
Drosophila,AVLP_R,4,integrative relay,1.072540610741776,-0.0051064366906135,0.0045977105237307,0.4687638123558457,-0.8040388641656668,6,31.0
Drosophila,CRE_L,4,integrative relay,0.3426909346216281,-0.0049864930875445,0.0044296497939522,0.6798796339364515,-0.2499975964008988,5,19.0
Drosophila,CRE_R,4,integrative relay,0.4577458268980124,-0.0242509560105475,0.0078540617629382,0.6880708011823461,-0.1475011659076173,5,14.0
Drosophila,EPA_L,4,integrative relay,-1.074794799671396,0.0446293887503689,-0.1424074460071397,0.0,0.6677190033906197,3,6.0
Drosophila,IB_L,4,integrative relay,-0.4219520522595418,0.028330329238535,-0.0112393599724275,0.6332533087103724,-0.4207842534305047,5,27.0
Drosophila,IB_R,4,integrative relay,-0.2840659556148842,0.0179025717583879,0.0050167115837163,0.7451676798032922,-0.4550297502883675,5,23.0
Drosophila,ICL_L,4,integrative relay,-0.1041283831034324,0.0042850023490588,-0.0121913594953167,0.6097806223515823,-0.6267717884052632,6,34.0
Drosophila,ICL_R,4,integrative relay,-0.1088552069202965,0.0022242635918467,-0.0086050511719919,0.6107673882222713,-0.7938958604702551,6,32.0
Drosophila,LAL_L,3,sensorimotor output,0.4396997499677837,0.0158525861949458,0.0086456898469944,0.512502300539257,-0.0812935021817268,5,12.0
Drosophila,LAL_R,3,sensorimotor output,0.4937769585849373,-0.009054463137215,0.0088199377500919,0.4809981122500806,-0.0874163681621682,5,15.0
Drosophila,LH_L,0,olfactory / chemosensory,0.4949474512208566,0.0073878421151655,0.0056421025584574,0.4319583341899644,0.1697042064397107,4,7.0
Drosophila,LH_R,0,olfactory / chemosensory,0.4310021709390036,-0.0006085538974333,-0.0015620659733197,0.4362525278078802,0.4521889501029338,1,3.0
Drosophila,LO_R,1,visual / optic,-0.8641622978631396,0.0041107082158664,0.0038012121671988,0.5729150161006623,-0.2235359787234082,5,18.0
Drosophila,MB_L,5,associative / learning,0.8450483728176931,-0.0569564167101986,0.0720069799873095,0.5360304662100134,0.1604609447818444,4,9.0
Drosophila,MB_R,5,associative / learning,1.2804103580774668,-0.1252192110285077,0.0910220732211369,0.6690961905940654,0.2967367759402225,4,10.0
Drosophila,ME_L,1,visual / optic,-1.3709621098174984,-0.0075254645606196,-0.0847664824764092,0.699855754045594,1.2959829059602028,1,1.0
Drosophila,ME_R,1,visual / optic,-0.7648873512860052,-0.0003966732874369,-0.005914078063496,0.7066598264728003,0.9373619920999618,1,2.0
Drosophila,PLP_L,4,integrative relay,0.3684434293372752,-0.0039640878380056,-0.0169436020564553,0.614643522557888,-0.1261519291271758,5,13.0
Drosophila,PLP_R,4,integrative relay,0.2849500985973232,-0.0210679244802576,-0.0077008022147407,0.6707137994634418,-0.260895861122119,5,20.0
Drosophila,PVLP_L,4,integrative relay,0.2930105331063098,0.0093178293041694,-0.040215805784619,0.616346227653427,-0.4537985828842031,5,28.0
Drosophila,PVLP_R,4,integrative relay,0.1177895177903817,0.0094069448566929,-0.0195708393470987,0.5693315887799352,-0.443064624230007,5,26.0
Drosophila,SIP_L,4,integrative relay,0.150938837554705,0.010544627094206,0.0108933200094632,0.685881533133319,-0.05049679231685,5,11.0
Drosophila,SIP_R,4,integrative relay,0.3441416109096894,-0.0268607093638766,0.0146383486123922,0.7060751613556515,0.3251339878495997,4,8.0
Drosophila,SLP_R,4,integrative relay,0.6664468040176648,0.003032188244531,0.0198000811772012,0.5310439716454235,-0.2879574200798989,5,22.0
Drosophila,SMP_L,4,integrative relay,0.4981025441101815,0.0110350037003574,0.0143517291906118,0.5441031191264883,-0.2233168384504957,5,16.0
Drosophila,SMP_R,4,integrative relay,0.5561460857546392,0.0035258651882899,0.0011968900350566,0.5331272562763391,-0.2546318686030869,5,17.0
Drosophila,SPS_L,3,sensorimotor output,0.3901537089516166,-0.0036950516419438,0.002763559566441,0.553493252753705,-0.3802312760180888,5,24.0
Drosophila,SPS_R,3,sensorimotor output,0.36874158204957,-0.0038048179207285,0.0033001177521604,0.5525320679799299,-0.5613998628214417,6,35.0
Drosophila,VES_L,3,sensorimotor output,0.5288246271017737,0.0055564777536826,0.0040039655541395,0.5031407090493887,-0.3450533381467631,5,25.0
Drosophila,VES_R,3,sensorimotor output,0.5249681128180895,-0.0027180829781906,0.0082556116800339,0.4737140683548883,-0.1630100254701345,5,21.0
Drosophila,WED_R,4,integrative relay,-0.8475651159819618,0.0018852715074512,0.0056389201270123,0.5134644864506052,0.5137179705089414,1,4.0
Zebrafish,Cb,3,sensorimotor output,-0.1874628411828071,-0.0141297184531264,0.0007654654467577,0.5896503852974936,0.4372814745785421,5,31.0
Zebrafish,Hb,6,state-dependent / modulatory,0.6419454526356599,0.0186363567850836,0.0003020124546751,0.6317229036535833,5.806532607252073,6,37.0
Zebrafish,MON,3,sensorimotor output,-0.2387035597487033,-0.0103798661957588,-0.0029958404205989,0.3495056524884365,0.9083099979119252,6,46.0
Zebrafish,MOS1,3,sensorimotor output,0.2667977693514247,-0.011205884013935,0.0058355912945879,0.2815235074536329,-0.4786620740229192,1,10.0
Zebrafish,MOS2,3,sensorimotor output,-0.0495312862910291,-0.011455358257509,0.0104553585779653,0.6040857300867178,-0.25678747715096,2,20.0
Zebrafish,MOS3,3,sensorimotor output,0.6806572277034678,-0.0162184845678227,0.0025470112460717,0.4760762569278763,1.7533912679126156,6,35.0
Zebrafish,MOS4,3,sensorimotor output,-0.0910045361038802,-0.0091306886283039,0.0010403633229012,0.5925156332890549,1.2450244121694043,6,41.0
Zebrafish,MOS5,3,sensorimotor output,0.1137634841808998,-0.009557861466397,0.0009255019162585,0.5350298396766829,0.704180490539106,5,27.0
Zebrafish,NX,3,sensorimotor output,-0.4663358019302886,-0.0051548129889921,0.0048387493877219,0.425162436424562,-0.235083756632878,2,19.0
Zebrafish,OB,0,olfactory / chemosensory,1.4196972462789414,-0.0039293395196914,0.0023384373845508,0.6753762896795558,0.1582003464286438,3,23.0
Zebrafish,P,5,associative / learning,1.1852730818715098,0.0007819844131356,-0.034128241435999,0.7602545014207813,0.7058966470752593,5,33.0
Zebrafish,PO,6,state-dependent / modulatory,0.8939805442129278,0.007651821933866,0.0067633877946573,0.6820067908932542,0.4073725597061486,4,25.0
Zebrafish,PT,1,visual / optic,0.0065341706216749,-0.0075546111624817,-0.0048584547813867,0.6241196412634372,-0.8475967756816475,1,8.0
Zebrafish,PrT,1,visual / optic,-0.0818643884338765,-0.0198879918570197,-0.0019456305543847,0.5734395811636374,-0.4195461466094096,2,14.0
Zebrafish,Ra,6,state-dependent / modulatory,0.0810613913881876,-0.0135398362595772,0.0101277430791441,0.5820414123035288,-1.1593430526917246,1,6.0
Zebrafish,SP,5,associative / learning,1.4260511430972735,0.0045493457807139,-0.0257749897365593,0.648849565483037,1.8402148881817493,6,43.0
Zebrafish,T,4,integrative relay,0.1960879620098237,-0.0177671344107358,-0.0033836377079665,0.6379894126230949,1.090470584465815,6,39.0
Zebrafish,TL,1,visual / optic,-0.2512858634262973,-0.0545503601227678,-0.0070674152460741,0.7276376825163063,1.8287705426551248,6,47.0
Zebrafish,TS,1,visual / optic,-0.1267593238598853,-0.0099806656816551,-0.0088533189709523,0.6567021799859832,-0.3104836712554357,2,21.0
Zebrafish,TeO,1,visual / optic,-0.0329084969859261,-0.0129117138782048,-0.0026840037756652,0.7392595877022469,-0.2175924585079046,2,17.0
Zebrafish,Th,4,integrative relay,0.2069043644170553,-0.0167647261194003,0.0013404633385385,0.7436948192080161,-1.016615419753422,1,9.0
Zebrafish,aRF,3,sensorimotor output,-0.2179518326702192,-0.0155544822573745,-0.0019165625235274,0.622791325314046,0.5974968750454028,5,34.0
Zebrafish,imRF,3,sensorimotor output,-0.3184747678146715,-0.0231345974881956,0.0029767991553869,0.5528296500335287,-0.1905072066896464,2,16.0
Zebrafish,pRF,3,sensorimotor output,0.4164213061031241,-0.0166088560731735,0.0082828715121672,0.5376310273067623,-1.2347171946060145,1,4.0
Zebrafish,rCb,3,sensorimotor output,-0.1312787685341981,-0.0188428485475228,3.65819975276202e-05,0.6048993551443322,0.1122449142965629,3,24.0
Zebrafish,rHb,6,state-dependent / modulatory,1.1232380161850315,0.0060624678249321,8.002651180850994e-05,0.7413882848594687,5.365977110644256,6,38.0
Zebrafish,rMON,3,sensorimotor output,-0.2397272665636447,-0.0143861651136481,-0.0014970485256828,0.3436975667975164,0.3916200146037562,5,29.0
Zebrafish,rMOS1,3,sensorimotor output,0.1317490182306997,-0.0121947262419649,0.006611223323256,0.2751583199247761,-0.5502551048366204,1,7.0
Zebrafish,rMOS2,3,sensorimotor output,-0.2708895955668526,-0.0021787136307454,0.0102187784507093,0.5304388566877619,-1.5234991888463854,1,2.0
Zebrafish,rMOS3,3,sensorimotor output,0.3748249657450947,-0.0172526004907137,-0.0074040619523428,0.5088606321992319,1.2095120061566025,6,45.0
Zebrafish,rMOS4,3,sensorimotor output,-0.2941548337268222,-0.0103345024790689,0.0005837247192696,0.6888893608149245,1.1338012976356464,6,40.0
Zebrafish,rMOS5,3,sensorimotor output,0.0316117318943054,-0.0095760656987155,-0.0035458280792356,0.4156185101785471,1.2327708723327448,6,44.0
Zebrafish,rNX,3,sensorimotor output,-0.429277119011305,-0.0231380500189062,0.0063500292827148,0.4656785991572,-0.873119348179323,1,5.0
Zebrafish,rOB,0,olfactory / chemosensory,1.2158989459097775,0.0051974446397625,-0.0068732985116205,0.7476996242083519,-3.9599516064301934,1,1.0
Zebrafish,rP,5,associative / learning,1.20996313102121,0.0080757533219854,-0.013642830080509,0.76833812589439,1.5490632107525393,6,42.0
Zebrafish,rPO,6,state-dependent / modulatory,1.1426701916822375,0.0070529594856643,0.0046818224179236,0.6639069561596829,0.5199436880228233,5,32.0
Zebrafish,rPT,1,visual / optic,0.4854858813158165,-0.0084392741875102,-0.0037576967997051,0.6193618532705187,-0.5727203673232523,2,12.0
Zebrafish,rPrT,1,visual / optic,0.3137153938364703,-0.0216094635117028,-0.0026606227177656,0.6663224795431517,-0.2046707826506533,2,18.0
Zebrafish,rRa,6,state-dependent / modulatory,0.0866150073912584,-0.0211549087893076,0.0068755186556744,0.6943775967652771,-1.0655495386408071,1,11.0
Zebrafish,rSP,5,associative / learning,1.4928846288262072,0.0054258424041367,-0.0011009116525225,0.6258488706517626,2.38182936226196,6,36.0
Zebrafish,rT,4,integrative relay,0.2180552048933446,-0.0210318039375545,-0.0020229855301571,0.5530475198212054,0.7519577030495472,5,28.0
Zebrafish,rTS,1,visual / optic,-0.8017729006113566,-0.0114810305984705,-0.0113108880837547,0.831807735049361,0.9238781083800044,5,30.0
Zebrafish,rTeO,1,visual / optic,0.3081162353249245,-0.0216086515834824,-0.0038771285446552,0.7224238879846772,-0.704335050988257,2,13.0
Zebrafish,rTh,4,integrative relay,0.8096887284547688,-0.0115055089491851,-0.0020038223099009,0.6225048321583986,-0.3059625896060129,2,22.0
Zebrafish,raRF,3,sensorimotor output,-0.7289718585622156,-0.0216037993306025,-0.0058480171922807,0.7004313567562173,0.3083660420474913,4,26.0
Zebrafish,rimRF,3,sensorimotor output,-0.5382653082167831,-0.0248755775793752,0.0021466553657899,0.5238171461861011,-0.3674004674514146,2,15.0
Zebrafish,rpRF,3,sensorimotor output,0.1048085844003784,-0.0083056579273384,0.0083231122034311,0.4936365165610577,-1.614842908645004,1,3.0
