species,node,n_recordings,NetTE,NetTE_z
C. elegans,ADAL,12,-0.0010149157540877412,-0.19346678593446548
C. elegans,ADAR,1,-0.004690664283803393,-0.9804027616024935
C. elegans,ADEL,15,-0.001601479097868314,-0.3190433300036468
C. elegans,ADER,8,-0.0021634197302798142,-0.4393484314705476
C. elegans,ADLL,9,-0.0007216407759210907,-0.13067994695001353
C. elegans,ADLR,5,-0.0020769851302433555,-0.4208437661591727
C. elegans,AIBL,16,0.010253703168314983,2.2190164278772735
C. elegans,AIBR,16,0.008981422009343583,1.94663549456118
C. elegans,AIML,3,-0.001185792102789378,-0.2300494697326183
C. elegans,AIMR,4,0.0010904147491212954,0.25726054218735983
C. elegans,AINL,12,-0.003022195031291695,-0.6232024611785231
C. elegans,AINR,11,-0.005273060954601163,-1.1050872683512478
C. elegans,AIYL,3,-0.005481522160349643,-1.149716442792434
C. elegans,AIYR,4,-0.0040095761971971336,-0.8345895446165021
C. elegans,AIZL,15,-0.002651505173647496,-0.5438419765215255
C. elegans,AIZR,16,-0.0032216905363290395,-0.665912181016211
C. elegans,ALA,2,0.0027928520522923755,0.6217330161213199
C. elegans,AQR,4,-0.0041023556859162225,-0.8544525784684901
C. elegans,ASEL,14,0.0011983143539692832,0.28036062102268056
C. elegans,ASER,7,-0.0008406373909626712,-0.15615576952109209
C. elegans,ASGL,15,0.0024133728113976626,0.5404908244248318
C. elegans,ASGR,12,-0.0005048393206799185,-0.08426521990130051
C. elegans,ASHL,7,0.0022690879006277897,0.5096010652062793
C. elegans,ASIL,5,0.00035784779866847955,0.10042628564442538
C. elegans,ASIR,6,-0.003000594665762663,-0.6185780684636901
C. elegans,ASKL,3,-0.002407101954471759,-0.4915180255810232
C. elegans,ASKR,3,-0.0029638469712566624,-0.6107108048040983
C. elegans,AUAL,16,-0.003933581274423151,-0.8183198955326496
C. elegans,AUAR,7,0.003427298575733482,0.7575608046376191
C. elegans,AVAL,16,-0.0006259689736565505,-0.1101977016466906
C. elegans,AVAR,14,2.3999226890166806e-05,0.028953101493259442
C. elegans,AVBL,4,0.008923172664688053,1.9341649720273468
C. elegans,AVBR,2,0.0003135821574711188,0.09094951505943907
C. elegans,AVDL,16,-0.0015830797506485978,-0.31510423892085115
C. elegans,AVDR,12,-0.0021522303008388345,-0.43695290182451185
C. elegans,AVEL,12,0.0033144553902855613,0.7334023613926409
C. elegans,AVER,14,-0.00025198737988962996,-0.030132493705052072
C. elegans,AVHL,6,-0.002066655277366675,-0.41863226208420634
C. elegans,AVJL,17,-0.003794469736000391,-0.7885376965246387
C. elegans,AVJR,14,-0.0013522742276125114,-0.2656914001502885
C. elegans,AVKL,2,-0.004755376003601854,-0.9942568051925476
C. elegans,AVKR,2,-0.001791604883182403,-0.3597470993600796
C. elegans,AVL,5,-0.0030014931775334333,-0.618770429619864
C. elegans,AWAL,11,-0.0027148006811417284,-0.5573928251562198
C. elegans,AWAR,10,-0.0028122966944256382,-0.5782656133018365
C. elegans,AWBL,18,-0.0012073920371581193,-0.23467377014093424
C. elegans,AWBR,10,-0.0011443070460372214,-0.22116799066869894
C. elegans,AWCL,17,-0.0013601006663511292,-0.26736695171617775
C. elegans,AWCR,10,-0.0006624687478740423,-0.11801188839077847
C. elegans,BAGL,7,0.008454490724703405,1.8338254964788565
C. elegans,CEPDL,18,-0.003389657857859728,-0.7018720751658042
C. elegans,CEPDR,17,-0.0025009569719316414,-0.5116113179102038
C. elegans,CEPVL,15,-0.0019193735051434646,-0.38710090889570237
C. elegans,CEPVR,11,-0.0016691501130891699,-0.3335309251034644
C. elegans,FLPL,16,-0.0011012751773948448,-0.21195535676266658
C. elegans,FLPR,9,-0.0016366526922931574,-0.32657359672964803
C. elegans,IL1DL,15,-0.00045945251687247554,-0.07454842114645575
C. elegans,IL1DR,16,-0.00019902965109833351,-0.018794845974627623
C. elegans,IL1L,15,-0.0036141635369102833,-0.7499361889533512
C. elegans,IL1R,13,0.0045499191083419495,0.9979010991358247
C. elegans,IL1VL,11,-0.0004932621144999361,-0.08178667166354629
C. elegans,IL1VR,12,0.002255754341869434,0.5067465018470592
C. elegans,IL2DL,16,-0.0016119239914430875,-0.32127946298433496
C. elegans,IL2DR,16,-0.001920836055798732,-0.3874140243652624
C. elegans,IL2L,15,-0.0004116991403616563,-0.06432496607813767
C. elegans,IL2R,11,0.0018067945097588805,0.41062930540081516
C. elegans,IL2VL,11,-0.0014704154833333199,-0.2909841000141969
C. elegans,IL2VR,13,-0.0037758535502236935,-0.7845521827717336
C. elegans,OLLL,16,-0.0009113053644499145,-0.17128497931743475
C. elegans,OLLR,17,0.004389502283544542,0.9635576805055843
C. elegans,OLQDL,17,0.0038600963383145634,0.8502178857220071
C. elegans,OLQDR,16,-0.001383813983194822,-0.2724437032882338
C. elegans,OLQVL,16,0.001068122674820784,0.25248806248764155
C. elegans,OLQVR,12,0.0007958897723210895,0.19420609270498382
C. elegans,RIAL,12,-0.0015655647815007929,-0.3113544831299702
C. elegans,RIAR,8,-0.0023829381711809356,-0.48634483426337183
C. elegans,RIBL,10,0.025997106002535585,5.5895000095276695
C. elegans,RIBR,3,0.02429932552611827,5.226024509264613
C. elegans,RICL,16,-0.004687379095200781,-0.9796994400674781
C. elegans,RICR,10,-0.003965938480269139,-0.8252472054795773
C. elegans,RID,14,0.0075413278279499035,1.6383277007805883
C. elegans,RIH,14,-0.002615374689225555,-0.5361068505247158
C. elegans,RIML,7,-0.004505440351377331,-0.9407484232269443
C. elegans,RIMR,7,0.002064011324772575,0.4656965015500257
C. elegans,RIR,4,-0.004980101364506433,-1.0423679503677794
C. elegans,RIS,3,0.003178909046194219,0.7043834299631816
C. elegans,RIVL,18,0.0012423014511457942,0.2897777584991879
C. elegans,RIVR,16,0.0007484697687970383,0.18405400900347246
C. elegans,RMDDL,16,-0.002439066531608344,-0.49836127818452497
C. elegans,RMDDR,12,-0.003593218451594414,-0.7454520842831743
C. elegans,RMDL,14,0.004340820746695463,0.9531355168598268
C. elegans,RMDR,5,-0.0018055194554480497,-0.36272605110646494
C. elegans,RMDVL,14,0.0012180409718755686,0.2845838656715505
C. elegans,RMDVR,14,-0.001976940340780578,-0.39942531400720144
C. elegans,RMED,3,-0.001748501943612326,-0.35051924997633443
C. elegans,RMEL,15,0.005139300040082849,1.1240808567580185
C. elegans,RMER,17,0.008422612045822068,1.827000633715344
C. elegans,RMEV,6,0.0047025155668331325,1.030570266238922
C. elegans,RMGL,6,-0.0031171963888848102,-0.6435411718990599
C. elegans,SAADL,3,0.0038068544990262666,0.8388194131638375
C. elegans,SAADR,4,-0.003255420710525329,-0.6731334278795439
C. elegans,SAAVL,11,-0.003943902121639802,-0.8205294715981768
C. elegans,SAAVR,4,-0.002349420919350145,-0.4791691716580699
C. elegans,SMBVR,2,-0.0017120967744017825,-0.34272531708879955
C. elegans,SMDDL,6,0.0002763326735383158,0.08297482398772464
C. elegans,SMDDR,4,-0.0011649068016315743,-0.22557816417107918
C. elegans,SMDVL,16,0.007530626293981112,1.6360366240089337
C. elegans,SMDVR,12,0.0012880911339139477,0.29958080905974244
C. elegans,URADL,8,-0.003709397389908528,-0.7703246742972049
C. elegans,URADR,4,-0.0011222052900417001,-0.21643625595461127
C. elegans,URAVL,7,-0.0024920425677481253,-0.5097028453101489
C. elegans,URAVR,2,-0.004852281487454108,-1.015003167699766
C. elegans,URBL,15,-0.0021519104169506753,-0.4368844183203782
C. elegans,URBR,9,-0.002075191009478394,-0.42045966529829293
C. elegans,URXL,15,0.004133687371756697,0.9087906159007129
C. elegans,URXR,14,0.0005805714092284328,0.14810887882602727
C. elegans,URYDL,13,-0.0013014611174093547,-0.2548128908803572
C. elegans,URYDR,13,-0.0006748820009866379,-0.12066942477293417
C. elegans,URYVL,17,-0.00478066939424849,-0.9996718326041216
C. elegans,URYVR,12,-0.0028180521482407957,-0.5794977905378003
Drosophila,AL_L,20,0.0008718399727247418,0.300339098074468
Drosophila,AL_R,20,0.0017917583851594135,0.6234907293984412
Drosophila,AME_L,19,-0.0007179317290161839,-0.2581205565057714
Drosophila,AME_R,20,-0.0005347692999542004,-0.19377872254683345
Drosophila,AMMC_L,20,-0.0017442013195454235,-0.6186315408222869
Drosophila,AMMC_R,20,-0.0026572655772671514,-0.939375424625507
Drosophila,ATL_L,20,-0.0021117727047938978,-0.7477530924354224
Drosophila,ATL_R,20,-0.002050204063900986,-0.7261250801312799
Drosophila,AVLP_L,20,0.0020286865072171225,0.7067195332951249
Drosophila,AVLP_R,20,-0.0002490557301339484,-0.09341242382861199
Drosophila,CRE_L,20,-0.002575383526180826,-0.9106116581577084
Drosophila,CRE_R,20,-0.0024935367144620912,-0.8818602706780567
Drosophila,EB,20,-3.484953947834809e-05,-0.018165446472381497
Drosophila,EPA_L,20,-0.0020445679048237556,-0.7241451936809282
Drosophila,EPA_R,20,-0.0022781150662965206,-0.8061863238516617
Drosophila,FB,20,0.0015951617332946675,0.5544296823488633
Drosophila,FLA,20,-0.0019310988395988189,-0.6842854484724381
Drosophila,GA_L,20,-0.0015251180533609999,-0.5416713301054388
Drosophila,GA_R,20,-0.0014826226613394323,-0.5267434244673977
Drosophila,GOR_L,20,-0.0032612139505698635,-1.1515321761701351
Drosophila,GOR_R,20,-0.00343440484180364,-1.2123711791470673
Drosophila,IB_L,20,-0.00093751440742974,-0.33525620221159885
Drosophila,IB_R,20,-0.0007599654840784496,-0.27288629696213834
Drosophila,ICL_L,20,-0.0023594322873297926,-0.8347516751659013
Drosophila,ICL_R,20,-0.0019771075369945735,-0.700447518301196
Drosophila,IPS_L,20,0.003339086167127781,1.1670405596628637
Drosophila,IPS_R,20,0.006389486904497815,2.2385942552390787
Drosophila,IVLP_L,20,-0.0011786652920344161,-0.4199683904903114
Drosophila,IVLP_R,20,-0.002841418239291931,-1.004065110516739
Drosophila,LAL_L,20,0.0014236968833018402,0.494197008188928
Drosophila,LAL_R,20,0.001975730354279793,0.6881169409575626
Drosophila,LB_L,20,-0.0004897295629164601,-0.17795703194752485
Drosophila,LB_R,20,-0.0008642026162570668,-0.3095030217202645
Drosophila,LH_L,20,-0.0019355315351182096,-0.6858425787232204
Drosophila,LH_R,20,-0.002244070204341718,-0.7942269451391769
Drosophila,LOP_R,9,0.0023937537249649923,0.834961413622209
Drosophila,LO_L,20,-0.0009779551050881278,-0.3494623288023259
Drosophila,LO_R,20,-0.0003403352167913095,-0.12547734895786722
Drosophila,MB_L,20,0.00767145890248945,2.688929129357135
Drosophila,MB_R,20,0.006914045217470248,2.4228626341195056
Drosophila,ME_L,19,-0.0009358804031440345,-0.33468220440551233
Drosophila,ME_R,19,-0.002082148635725011,-0.7373466627818094
Drosophila,NO,20,-0.0012116817215816209,-0.431566498457772
Drosophila,OTU_L,20,-0.0061024243761835266,-2.14960088700479
Drosophila,OTU_R,20,-0.0037899780096879456,-1.3372779618613508
Drosophila,PB,20,0.0012251031237668019,0.42443441131399484
Drosophila,PLP_L,20,0.0037952981704848627,1.3273000469409144
Drosophila,PLP_R,20,1.5163246128535764e-05,-0.0005968088220633801
Drosophila,PRW,20,-0.0005647369212574873,-0.20430583623447687
Drosophila,PVLP_L,20,-2.0580911573442242e-05,-0.013153121116242875
Drosophila,PVLP_R,20,0.00014971537951219822,0.04666905825192471
Drosophila,SAD,20,0.0036272104503654303,1.2682537008433692
Drosophila,SCL_L,20,-0.0025290270916151023,-0.8943274341985098
Drosophila,SCL_R,20,-0.001976778668229529,-0.7003319923192403
Drosophila,SIP_L,20,-0.0020326124620459445,-0.7199454507639177
Drosophila,SIP_R,20,-0.0017622688307457296,-0.6249783490168208
Drosophila,SLP_L,20,-0.00036690752642079566,-0.13481174762707962
Drosophila,SLP_R,20,0.0005332223158775477,0.18138849688401412
Drosophila,SMP_L,20,0.004481490914464042,1.5683478416390042
Drosophila,SMP_R,20,0.00483928138270114,1.694033524108369
Drosophila,SOG,20,0.00924774629814585,3.242651977444988
Drosophila,SPS_L,20,0.002467122243696405,0.860734521536345
Drosophila,SPS_R,20,0.0007487365207685501,0.2570949573077119
Drosophila,VES_L,20,0.0028809463593895525,1.0061038676216294
Drosophila,VES_R,20,0.0028739897059071153,1.0036601140332482
Drosophila,WED_L,20,-0.00012178454841405765,-0.04870423075694301
Drosophila,WED_R,20,-0.0006211152365773029,-0.22411057578597438
Zebrafish,Cb,7,9.896313055863169e-05,0.22864231595212364
Zebrafish,HR,2,-0.016466179096079857,-2.942920815905876
Zebrafish,Hb,6,0.00037362480613904655,0.28122905695844924
Zebrafish,Hi,3,-0.008703457671801756,-1.4566697028587956
Zebrafish,MON,7,-0.0029873538991381766,-0.3622641290810517
Zebrafish,MOS1,7,0.004511418467607266,1.073451281458564
Zebrafish,MOS2,7,0.004672788304017195,1.1043471600903012
Zebrafish,MOS3,7,0.007062437721347646,1.561869581955385
Zebrafish,MOS4,7,0.0018089966477468143,0.5560454365020926
Zebrafish,MOS5,7,0.0012659612822389181,0.4520758526025783
Zebrafish,NX,6,0.0012897281961843333,0.45662626738296613
Zebrafish,OB,4,0.00042697119667710207,0.2914427601149557
Zebrafish,P,7,0.0008070700555037735,0.3642165105979058
Zebrafish,PO,7,-0.0011577429145620758,-0.011966699398100827
Zebrafish,PT,6,-0.003918212749436583,-0.540486420817405
Zebrafish,PrT,7,-0.0026032419450306805,-0.2887220311330959
Zebrafish,Ra,7,-0.0013079789879908463,-0.04073090709657531
Zebrafish,SP,7,0.004932250608441387,1.1540238285764532
Zebrafish,T,7,-0.002676602858826266,-0.3027677161221047
Zebrafish,TS,4,-0.0031414331167876276,-0.3917641454042854
Zebrafish,TeO,7,-0.0007836471614090304,0.059657696109767754
Zebrafish,Th,7,-0.002782558560975258,-0.32305400125918454
Zebrafish,aRF,6,-0.0046610666161773714,-0.6827132670393791
Zebrafish,imRF,6,0.0003172998347255975,0.2704450745275238
Zebrafish,pRF,7,0.0008898150670087898,0.38005887550150796
Zebrafish,rCb,7,0.0008564060570656108,0.37366238443864996
Zebrafish,rHR,2,-0.010294038839822755,-1.7612024694178863
Zebrafish,rHb,6,0.0016594076369569747,0.5274051154555742
Zebrafish,rHi,4,-0.008984689260133202,-1.5105143197574988
Zebrafish,rMON,7,-0.0036526652893095904,-0.48964468805262656
Zebrafish,rMOS1,7,0.003251901658978326,0.8323041171571794
Zebrafish,rMOS2,7,0.0037358028962555874,0.9249518772917731
Zebrafish,rMOS3,7,0.003289922857648688,0.8395836581524903
Zebrafish,rMOS4,7,0.002192753612451256,0.6295195681574851
Zebrafish,rMOS5,7,0.002470867514920983,0.6827672727326803
Zebrafish,rNX,7,0.0002684034509471576,0.261083369934158
Zebrafish,rP,7,0.0011538262329732001,0.4306064692930696
Zebrafish,rPO,7,0.0027804072174555912,0.7420317628875756
Zebrafish,rPT,7,-0.0005027335734669864,0.11344142863469708
Zebrafish,rPrT,7,-0.001601291758557105,-0.09688858787610492
Zebrafish,rRa,6,-0.0016825035064388183,-0.11243739403372378
Zebrafish,rSP,7,0.00484628326886551,1.137564516545657
Zebrafish,rT,7,-0.0010416172919750168,0.010266719320689795
Zebrafish,rTS,1,-0.02126687474179533,-3.862062294373709
Zebrafish,rTeO,7,0.002194945110837852,0.6299391525710303
Zebrafish,rTh,7,0.0007008074802963635,0.3438714715265147
Zebrafish,raRF,4,-0.009619137423100704,-1.631985803383335
Zebrafish,rimRF,6,-0.0018189361374597562,-0.1385587938145574
Zebrafish,rpRF,7,0.0001281143197447021,0.23422360439549608
