species,node,n_recordings,SigPartnerNetTE,SigOutTE_mean,SigInTE_mean,n_sig_partners,n_sig_out,n_sig_in,SigPartnerNetTE_z,SigOutTE_mean_z,SigInTE_mean_z,n_sig_partners_z,n_sig_out_z,n_sig_in_z,FCV_z,anatomy_group
C. elegans,ADAL,12.0,-0.0003680920622013,0.0600431506111399,0.0653195572308509,8.166666666666666,4.333333333333333,4.25,0.1552078384430583,-1.017868053413875,-0.7385376260739124,-0.83375630981625,,,-0.8770421049917835,interneurons
C. elegans,ADAR,1.0,0.009579496077269,0.0618392767717924,0.0601002115154286,7.0,4.0,3.0,0.7265277828919268,-0.7538676418080186,-1.7520762970138035,-0.9646924030693156,,,-0.770589860648021,interneurons
C. elegans,ADEL,15.0,-0.002057909806114,0.0624884213870437,0.0646777712694984,4.6,2.0,2.6666666666666665,0.0581565164497104,-0.6584542742103788,-0.8631652950890186,-1.2340466520470506,,,-1.2870582303216525,sensory neurons
C. elegans,ADER,8.0,-0.0036608940304401,0.060222629521955,0.0599266788131243,4.0,2.25,2.125,-0.0339076950108116,-0.99148766468186,-1.785774410541418,-1.3013852142914841,,,-1.3125204099010863,sensory neurons
C. elegans,ADLL,9.0,0.0021118122183464,0.0637049131588783,0.0638962793402602,2.4444444444444446,1.7777777777777777,0.7777777777777778,0.2976362096156975,-0.4796503931050395,-1.0149223034377663,-1.4759666719622382,,,0.2041205974077444,olf./chemo
C. elegans,ADLR,5.0,-0.0040432246829774,0.0609169155716102,0.0643930240969328,4.8,2.4,2.4,-0.0558660957916005,-0.8894392635747814,-0.9184600171809564,-1.2116004646322394,,,0.333552752051696,olf./chemo
C. elegans,AIBL,16.0,0.012873528612083,0.0852532639756043,0.0739848116047109,33.5625,22.5625,19.1875,0.9157139914901112,2.687595655455737,0.944158037385832,2.016441862960302,,,1.1137991053533975,interneurons
C. elegans,AIBR,16.0,0.014302502658265,0.0834134011599549,0.0765042627884199,31.1875,22.0625,17.125,0.9977842743805176,2.417166689344952,1.4334073309685689,1.7498933874094187,,,1.186563992779952,interneurons
C. elegans,AIML,3.0,-0.0137407279389068,0.0668652336616212,0.0733378799465121,11.333333333333334,7.0,8.333333333333334,-0.6128229122370885,-0.0151363006052751,0.8185311314879811,-0.47835834241507197,,,1.5676375161108422,interneurons
C. elegans,AIMR,4.0,0.0064552370930792,0.067025450947664,0.0688348032099903,15.0,10.75,6.25,0.5470921805865966,0.0084129524418009,-0.0559160999319904,-0.066844906476866,,,0.9913381590676247,interneurons
C. elegans,AINL,12.0,-0.0162291390072033,0.0582363193604552,0.0686450095251218,10.666666666666666,4.166666666666667,6.916666666666667,-0.755739853848707,-1.2834419336527934,-0.0927719147414969,-0.5531789671311096,,,0.16191266981243357,interneurons
C. elegans,AINR,11.0,-0.0135795325414557,0.0647795661884725,0.0696695645795838,10.909090909090908,3.727272727272727,8.181818181818182,-0.6035649751144458,-0.321694427448765,0.1061852390518831,-0.5259714672343687,,,-0.6429106707466237,interneurons
C. elegans,AIYL,3.0,-0.0288773014888537,0.0573273849375356,0.071994030794708,9.333333333333334,2.6666666666666665,6.666666666666667,-1.4821619156673516,-1.4170400444259963,0.5575706284811309,-0.7028202165631844,,,-1.0444122013489627,interneurons
C. elegans,AIYR,4.0,-0.028941403956342,0.0661705982867542,0.0718044495534522,15.75,6.75,11.5,-1.4858435134226042,-0.1172360466577869,0.5207560678495469,0.017328296328676145,,,-0.09934884097566796,interneurons
C. elegans,AIZL,15.0,-0.0265010915085012,0.0617402150485874,0.0674332470640382,7.666666666666667,2.8,5.466666666666667,-1.345689020434864,-0.7684280531384768,-0.3280826569811831,-0.889871778353278,,,-1.1555729374987591,interneurons
C. elegans,AIZR,16.0,-0.017016874091996,0.0599777525629892,0.0653468169244302,5.5625,1.875,3.75,-0.8009818520671965,-1.027480469294363,-0.7332440978987149,-1.1260243751132712,,,-1.61404269948031,interneurons
C. elegans,ALA,2.0,0.0492814100672193,0.0604324417832979,0.063706963873851,14.5,13.0,3.5,3.006728267394471,-0.9606487823316562,-1.0516852535611412,-0.12296037501389409,,,-0.5911234868338152,state-modulatory
C. elegans,AQR,4.0,-0.051577994678434,0.0655081294867132,0.0694490302715382,19.5,4.75,17.0,-2.785931089680648,-0.2146078458766892,0.063359938399229,0.4381943103563869,,,-0.8650258119974801,sensory neurons
C. elegans,ASEL,14.0,0.0144293342544459,0.0649372042298116,0.0658022525912771,11.928571428571429,7.0,5.714285714285714,1.0050685949081133,-0.2985242801005747,-0.6448035757254861,-0.4115542132043243,,,0.5886960028171062,olf./chemo
C. elegans,ASER,7.0,-0.0094338636828285,0.0577042901270353,0.0637667080921006,2.4285714285714284,1.4285714285714286,1.1428571428571428,-0.3654667276994297,-1.3616413049921483,-1.040083593341152,-1.4777481154078582,,,1.157492408106026,olf./chemo
C. elegans,ASGL,15.0,-0.0015819114397179,0.0721833994929675,0.0710238104630846,21.6,13.466666666666669,13.466666666666669,0.0854945361218484,0.7665448525458086,0.3691646712886688,0.6738792782119051,,,1.2204627706584488,olf./chemo
C. elegans,ASGR,12.0,-0.0068994917137698,0.0728906850028681,0.0736245948214424,24.166666666666668,14.166666666666666,15.833333333333334,-0.2199101131437656,0.8705039562141043,0.8742079594123883,0.9619386833686492,,,0.09142742210333302,olf./chemo
C. elegans,ASHL,7.0,0.0463565710046622,0.0642838894383367,0.0664473096177423,8.428571428571429,7.285714285714286,1.1428571428571428,2.838745951750372,-0.3945505936390994,-0.5195407023825258,-0.8043624929635209,,,0.7754224135063316,olf./chemo
C. elegans,ASIL,5.0,0.0272398757784752,0.0603914690764137,0.0606587262333721,1.8,1.4,0.4,1.7408165741422068,-0.96667108283538,-1.643618973856965,-1.5482932758544077,,,1.7398324433499879,olf./chemo
C. elegans,ASIR,6.0,-0.0075872077707194,0.0588073641071173,0.0679494752218299,4.0,1.3333333333333333,2.833333333333333,-0.2594077173815258,-1.1995079364388082,-0.2278369117330883,-1.3013852142914841,,,0.6174969426441547,olf./chemo
C. elegans,ASKL,3.0,-0.0133048063344166,0.0591822777020672,0.060303451447505,3.0,1.0,2.0,-0.5877866216941339,-1.1444019279903508,-1.7126093711058343,-1.4136161513655403,,,1.0627249585613212,olf./chemo
C. elegans,ASKR,3.0,-0.0195713631608008,0.0669755076346162,0.0613811685488458,3.333333333333333,1.0,2.333333333333333,-0.9476938522448102,0.0010721233338992,-1.503328741291534,-1.3762058390075216,,,0.23978755573907679,olf./chemo
C. elegans,AUAL,16.0,-0.0136969669629072,0.065714856887065,0.0774802394117972,22.3125,12.0625,15.4375,-0.6103095875973256,-0.1842223863367685,1.6229310957583385,0.75384382087717,,,-0.314373986927743,interneurons
C. elegans,AUAR,7.0,0.0130001609119157,0.0728434057903113,0.0741670918078351,26.428571428571427,20.142857142857142,14.142857142857142,0.9229868658282452,0.8635547051821809,0.9795548179185536,1.2157943743694903,,,-0.7500344335456346,interneurons
C. elegans,AVAL,16.0,-0.0207343876032341,0.07927404185332,0.0827936723854907,33.0625,17.75,24.125,-1.0144898484730014,1.8087503182259053,2.654740461896448,1.9603263944232738,,,1.3196144352803256,motor / command
C. elegans,AVAR,14.0,-0.0095770433602369,0.0795301161360968,0.0838194895123794,32.142857142857146,19.285714285714285,21.857142857142858,-0.3736899677648862,1.8463889415786248,2.85394269606577,1.8571140147926688,,,0.9622778698817964,motor / command
C. elegans,AVBL,4.0,0.0162465411091052,0.0753160556016624,0.0735271908760439,20.5,15.0,9.25,1.109436257169548,1.2269927432522434,0.8552932006004151,0.5504252474304431,,,2.0766529802508744,motor / command
C. elegans,AVBR,2.0,-0.0198588897145567,0.0659612663408147,0.0818171518855484,29.0,21.5,18.0,-0.9642073681258656,-0.1480043307020382,2.4651110823494014,1.5043882125599206,,,-0.7143152870207679,motor / command
C. elegans,AVDL,16.0,-0.0074189301765487,0.0615498831567829,0.0655954867744288,11.75,6.625,6.5,-0.2497430283729289,-0.7964036479930463,-0.6849551890943629,-0.4315954519675486,,,-1.5982517468898194,motor / command
C. elegans,AVDR,12.0,-0.0226260579747871,0.0620262578898053,0.0625012039618793,8.25,3.75,5.25,-1.1231341747597925,-0.7263845544841243,-1.2858303677737175,-0.8244037317267453,,,-1.937988375266846,motor / command
C. elegans,AVEL,12.0,-0.0096491414166204,0.0816089230272821,0.0781941847735383,34.833333333333336,19.75,24.25,-0.3778307762694589,2.151938677975012,1.7615713147659828,2.1590686788252484,,,1.1918937446487208,motor / command
C. elegans,AVER,14.0,-0.0119169695850564,0.0799178254616959,0.08141224837739,32.642857142857146,18.571428571428573,22.714285714285715,-0.5080789776469853,1.90337570775567,2.386483341269692,1.913229483329697,,,0.9053369050593068,motor / command
C. elegans,AVHL,6.0,-0.0045419219360739,0.0597509106946969,0.0689498992987608,13.166666666666666,6.5,7.166666666666667,-0.0845077808856368,-1.060822418156603,-0.0335657243862427,-0.2726016244459691,,,-1.365821753768268,interneurons
C. elegans,AVJL,17.0,-0.0178666958358806,0.0640389859984298,0.0678581189860407,10.0,3.764705882352941,7.235294117647059,-0.8497896740940377,-0.4305472905056729,-0.245577272853503,-0.6279995918471469,,,-1.2266033124851206,interneurons
C. elegans,AVJR,14.0,0.0088118864620917,0.0597073159748734,0.0653610356715823,6.857142857142857,3.7857142857142856,3.357142857142857,0.6824416510021865,-1.067230110572292,-0.7304829759350252,-0.9807253940798951,,,-1.6466378346186408,interneurons
C. elegans,AVKL,2.0,-0.0366217602239482,0.0661384365939024,0.0706478175112724,9.0,2.5,7.0,-1.9269495036018365,-0.121963275923095,0.2961510375038022,-0.7402305289212031,,,0.9584507216352196,interneurons
C. elegans,AVKR,2.0,0.0242224505025427,0.0624356961175236,0.0629432368348753,9.0,4.0,5.0,1.567516753436504,-0.6662040042461996,-1.1999925185420877,-0.7402305289212031,,,-0.6965641967444327,interneurons
C. elegans,AVL,5.0,-0.0103882258637563,0.0606755543593906,0.0648690101493926,14.6,5.2,10.2,-0.4202786218537813,-0.924915312400053,-0.8260288395391869,-0.11173728130648852,,,-0.6836171181777305,interneurons
C. elegans,AWAL,11.0,-0.0177997855083183,0.0623059346584181,0.0683232608972799,12.272727272727272,5.2727272727272725,7.727272727272727,-0.8459468124787395,-0.685276761697707,-0.1552519063764807,-0.3729292803152012,,,1.0044562248796514,olf./chemo
C. elegans,AWAR,10.0,-0.0183420916123184,0.0630407418726014,0.0696856992653654,9.7,5.3,5.5,-0.8770930852101432,-0.5772724292376196,0.1093184149085442,-0.6616688729693639,,,-0.8786296366198105,olf./chemo
C. elegans,AWBL,18.0,-0.0061011972534821,0.0631678136584834,0.0641589598145357,7.5,3.7777777777777777,4.222222222222222,-0.1740616581905708,-0.5585950086247268,-0.9639126878086752,-0.9085769345322875,,,0.29812835881767813,olf./chemo
C. elegans,AWBR,10.0,-0.0035889480711089,0.0617581753472743,0.0677205421614607,7.0,3.3,3.9,-0.0297756218980041,-0.7657881905554461,-0.2722931563262091,-0.9646924030693156,,,-0.7846819038642054,olf./chemo
C. elegans,AWCL,17.0,-0.0086356626943395,0.0621783505344455,0.0661594190258999,8.705882352941176,4.823529411764706,4.117647058823529,-0.3196236411131329,-0.704029487414305,-0.5754458414059667,-0.7732396280606315,,,0.4176600936389276,olf./chemo
C. elegans,AWCR,10.0,0.0091736475674839,0.0640006647004093,0.0665342634244153,11.7,8.0,4.9,0.7032186807443322,-0.4361798783896948,-0.5026552438492767,-0.4372069988212515,,,-0.6122967480508686,olf./chemo
C. elegans,BAGL,7.0,0.0182538031886246,0.0739680819676764,0.0659398215381174,26.571428571428573,16.428571428571427,12.428571428571429,1.2247193633543554,1.0288632343112432,-0.6180892220218793,1.2318273653800702,,,2.0669321137928947,sensory neurons
C. elegans,CEPDL,18.0,-0.0138865510818427,0.0648799548443874,0.072074663043978,17.944444444444443,9.333333333333334,11.27777777777778,-0.6211979744887056,-0.3069389792721992,0.5732285111384354,0.2636128526856326,,,-0.6483680399323677,sensory neurons
C. elegans,CEPDR,17.0,-0.0209276239113237,0.0627781748416172,0.0700775542702425,14.764705882352942,7.764705882352941,9.529411764705882,-1.0255879915862214,-0.6158653776465406,0.1854122823200714,-0.09325218578840853,,,-1.3537223307794977,sensory neurons
C. elegans,CEPVL,15.0,-0.0075666709174083,0.0648711615970348,0.0709440618951912,15.866666666666667,8.133333333333333,9.6,-0.2582282240482338,-0.3082314391067578,0.3536783896895774,0.030421905653982752,,,-0.8433965521253842,sensory neurons
C. elegans,CEPVR,11.0,-0.0105648767115398,0.0631030057885683,0.067135255294815,12.363636363636363,5.636363636363637,7.545454545454546,-0.430424212033787,-0.5681206782061294,-0.3859493318858802,-0.36272646785392326,,,-1.0947966944418464,sensory neurons
C. elegans,FLPL,16.0,-0.0073508128241622,0.0608199584265986,0.0641376780654605,5.75,2.9375,3.0625,-0.2458308436869673,-0.903690337219794,-0.96804536589689,-1.1049810744118858,,,-1.1696545842526522,sensory neurons
C. elegans,FLPR,9.0,-0.0129538958864397,0.0603972509512758,0.0648151543613182,5.888888888888889,2.6666666666666665,3.555555555555556,-0.5676327778845777,-0.9658212442344466,-0.8364870323555761,-1.0893934442627113,,,-1.6162023724764214,sensory neurons
C. elegans,IL1DL,15.0,0.0028716222189058,0.067375472202466,0.068269243607642,14.2,8.266666666666667,6.933333333333334,0.341274386149051,0.059860204512864,-0.1657414609935636,-0.15662965613611105,,,-0.30393761794756785,sensory neurons
C. elegans,IL1DR,16.0,-0.0022188150564873,0.0664748228457473,0.0710884669245043,15.1875,9.3125,8.0,0.0489152433475373,-0.0725201405292178,0.3817202342936935,-0.04580160577548047,,,0.40075497645949043,sensory neurons
C. elegans,IL1L,15.0,-0.0198006948948925,0.0655302576831738,0.0694968487696394,14.266666666666667,5.866666666666666,9.666666666666666,-0.9608650643762982,-0.2113553722466757,0.0726457569010742,-0.1491475936645071,,,0.5262222967810328,sensory neurons
C. elegans,IL1R,13.0,0.0098270722548744,0.0722903891589673,0.0686835943391453,25.615384615384617,17.384615384615383,13.23076923076923,0.7407468283583484,0.782270538458231,-0.0852791746058436,1.124529656309269,,,0.8117384066500751,sensory neurons
C. elegans,IL1VL,11.0,-0.0089182631705158,0.0655212544181638,0.0668662513955647,11.0,6.363636363636363,6.0,-0.3358542375236965,-0.2126787011533575,-0.4381868860525143,-0.5157686547730908,,,-0.05382412043362684,sensory neurons
C. elegans,IL1VR,12.0,0.0106777017037462,0.0703025677019311,0.0677488222461947,15.25,9.916666666666666,8.166666666666666,0.7896010393150444,0.4900941343988046,-0.2668014795800819,-0.03878717220835195,,,1.0398986803872623,sensory neurons
C. elegans,IL2DL,16.0,-0.0035447086071763,0.0596322001637156,0.0668679999602875,4.5,2.3125,2.375,-0.0272348162552614,-1.078270874577742,-0.4378473343037282,-1.245269745754456,,,-1.4228648283350285,sensory neurons
C. elegans,IL2DR,16.0,-0.000776558080852,0.0641758877717234,0.0636220977641605,3.4375,1.5625,2.0625,0.1317484048785672,-0.4104250266631586,-1.068165304646737,-1.3645151163956408,,,-1.0732212375012247,sensory neurons
C. elegans,IL2L,15.0,0.0052982414328396,0.0661828899215206,0.0668383036715835,8.0,5.266666666666667,3.066666666666667,0.4806424354757326,-0.1154293825666314,-0.4436140220508109,-0.8524614659952594,,,-0.6186136672664219,sensory neurons
C. elegans,IL2R,11.0,0.0167477037209971,0.0665502790442175,0.0683742882637615,9.909090909090908,6.727272727272728,3.8181818181818175,1.1382195352437383,-0.0614293452996054,-0.1453429614578604,-0.6382024043084249,,,0.2532788714823635,sensory neurons
C. elegans,IL2VL,11.0,-0.0209825748678089,0.0635571112036727,0.0620925954155613,3.4545454545454546,1.5454545454545454,2.090909090909091,-1.028743990504389,-0.5013748008138328,-1.3651775859022464,-1.362602089059151,,,-1.5177922488040023,sensory neurons
C. elegans,IL2VR,13.0,-0.0065513941700975,0.0604225729799448,0.0647821874435334,6.615384615384615,2.1538461538461537,4.769230769230769,-0.1999178228996025,-0.9620993308534396,-0.8428888397579739,-1.0078581480977988,,,-0.7473280338673759,sensory neurons
C. elegans,OLLL,16.0,-0.0136204642734644,0.0655147451834654,0.070992029137194,14.1875,7.0625,8.6875,-0.6059158077514147,-0.2136354494471268,0.362993092596603,-0.15803254284953666,,,0.6924229395807204,sensory neurons
C. elegans,OLLR,17.0,0.0102175852902242,0.0754458167155078,0.0687338647469178,15.470588235294118,10.882352941176473,7.176470588235294,0.7631751680256618,1.2460654499563069,-0.0755172226180995,-0.014030347853780722,,,0.5600366166108569,sensory neurons
C. elegans,OLQDL,17.0,0.0169074604397395,0.0685336320410989,0.0654946014579716,16.705882352941178,11.764705882352942,7.294117647058823,1.147394844715498,0.2300902700854307,-0.7045459913010989,0.12460786853181821,,,1.3394889233963894,sensory neurons
C. elegans,OLQDR,16.0,-0.0015895535147524,0.067612558947716,0.0701817782835204,16.25,9.625,8.8125,0.0850556287381748,0.0947079784072931,0.2056514221773103,0.07344376486570424,,,0.2698604953021412,sensory neurons
C. elegans,OLQVL,16.0,0.0068403832660034,0.0687649787522367,0.0675017821982196,14.125,8.25,7.625,0.5692122851822722,0.2640943552671951,-0.3147738990260255,-0.16504697641666516,,,1.413919596764089,sensory neurons
C. elegans,OLQVR,12.0,0.0127800321336155,0.0681397014766987,0.0669989504370478,15.083333333333334,9.75,6.416666666666667,0.9103442071629668,0.172189086179727,-0.4124182136033318,-0.05749232838736125,,,0.5301519719005294,sensory neurons
C. elegans,RIAL,12.0,0.0094293259637548,0.065855176320499,0.0690558948159519,11.083333333333334,6.166666666666667,6.333333333333333,0.7179030610289058,-0.1635977837924646,-0.0129825782455284,-0.506416076683586,,,0.020123871590526723,interneurons
C. elegans,RIAR,8.0,-0.0085593510635138,0.0643990657251773,0.0641976698063402,7.375,2.5,5.125,-0.3152408343389808,-0.3776216118118487,-0.9563956395453772,-0.9226058016665445,,,-0.9636560577262798,interneurons
C. elegans,RIBL,10.0,0.0431405004657486,0.0932515014580609,0.0631872590739311,39.9,31.4,19.6,2.654037335362722,3.8632023771589137,-1.1526061238984884,2.727705426667133,,,1.1745999000600342,interneurons
C. elegans,RIBR,3.0,0.0439347373459807,0.0947008660551213,0.0605821708838097,37.333333333333336,31.666666666666668,18.0,2.69965275127374,4.076234656613,-1.6584851681041743,2.4396460215103892,,,0.710194346792491,interneurons
C. elegans,RICL,16.0,-0.0279313269636498,0.0619651472901054,0.0693095457923698,12.5,5.0625,8.5625,-1.4278317498410114,-0.735366787373814,0.0362736097018513,-0.3474222491620065,,,-0.6051000593554116,state-modulatory
C. elegans,RICR,10.0,-0.0379367881921811,0.0610676343164161,0.0662686783127449,9.1,3.2,6.9,-2.002475520081999,-0.8672861367303893,-0.5542289076340734,-0.7290074352137976,,,-1.2895703187089638,state-modulatory
C. elegans,RID,14.0,0.0133701390270344,0.0760082908370898,0.0708124763135992,28.642857142857142,19.357142857142858,16.0,0.9442358231848732,1.328739709074796,0.3281259387209672,1.464305735033472,,,1.6657094040115816,interneurons
C. elegans,RIH,14.0,-0.0084498146678379,0.0647230500692833,0.0685858589972664,16.0,8.214285714285714,10.0,-0.3089498292616425,-0.3300013487860107,-0.104258286914699,0.045386030597190194,,,0.5667735682840827,interneurons
C. elegans,RIML,7.0,-0.0369680880228699,0.0731914624888032,0.0894035647118431,34.714285714285715,16.428571428571427,27.571428571428573,-1.9468401520753027,0.9147132004354572,3.938307761090978,2.145707852983099,,,0.9438140281795568,state-modulatory
C. elegans,RIMR,7.0,-0.0197117557587366,0.0772291043976739,0.0777856431379413,33.857142857142854,16.857142857142858,26.0,-0.9557570219427404,1.5081788206186966,1.682237089952516,2.0495099069196216,,,1.0789206217517964,state-modulatory
C. elegans,RIR,4.0,-0.0082170642762656,0.060880864720502,0.0710208148357442,18.75,9.0,11.0,-0.2955822733356034,-0.8947381338545022,0.3685829539013342,0.3540211075508447,,,0.302641112838938,interneurons
C. elegans,RIS,3.0,0.0172025841490364,0.0666386764119323,0.0628922774725717,14.0,10.0,4.666666666666667,1.1643446881184474,-0.0484364153079247,-1.209888257808519,-0.17907584355092218,,,1.4875954639896771,state-modulatory
C. elegans,RIVL,18.0,0.0061263648829698,0.0737605649210518,0.0756176718261281,18.444444444444443,13.055555555555555,10.0,0.5282040591468931,0.9983617100172948,1.261241263690565,0.3197283212226607,,,1.273015789165798,motor / command
C. elegans,RIVR,16.0,0.0103171481439447,0.071006595794112,0.0758091509613456,18.125,12.625,9.1875,0.7688933625527449,0.5935744523127297,1.2984243741420456,0.2838767718795596,,,1.0775463608975169,motor / command
C. elegans,RMDDL,16.0,-0.008882090127917,0.0639215338546942,0.0706757202755986,17.1875,8.9375,10.8125,-0.3337767107505409,-0.4478107851139282,0.3015694428390041,0.1786602683726319,,,-0.43891886376405753,motor / command
C. elegans,RMDDR,12.0,-0.0226866995635379,0.0602739312185967,0.0687460680718387,13.833333333333334,6.166666666666667,9.5,-1.126617003826558,-0.9839471759755652,-0.0731474731522176,-0.1977809997299315,,,-1.0104993556774577,motor / command
C. elegans,RMDL,14.0,0.0066132410745328,0.0747135215550601,0.0671504833559757,21.428571428571427,14.071428571428571,12.142857142857142,0.556166825077414,1.1384303472500712,-0.3829922124093401,0.6546396889992093,,,1.4168299056282765,motor / command
C. elegans,RMDR,5.0,-0.0038845046237642,0.0658817959925346,0.0709025739038822,17.2,10.0,10.2,-0.0467503247985488,-0.1596851386074292,0.3456218849351546,0.18006315508605755,,,0.15753330868924756,motor / command
C. elegans,RMDVL,14.0,0.0123725670607329,0.0684801462549016,0.0694721346089792,15.142857142857142,10.357142857142858,7.071428571428571,0.8869422609283362,0.2222287568574121,0.0678465428013137,-0.0508119154662866,,,-0.28257470467701373,motor / command
C. elegans,RMDVR,14.0,0.0047412307045927,0.0637285475971178,0.0711295701995412,13.142857142857142,6.928571428571429,7.642857142857143,0.4486516318902104,-0.4761765272040907,0.3897020314429286,-0.27527378961439897,,,-0.9533432030143973,motor / command
C. elegans,RMED,3.0,-0.0156743714935042,0.0663003775154305,0.0720730206786731,26.33333333333333,16.0,18.33333333333333,-0.7238778848302065,-0.0981606773774897,0.5729095821310284,1.2051057136957704,,,0.4725662323725856,motor / command
C. elegans,RMEL,15.0,-0.0001338789299909,0.0729542638758437,0.0697517664133705,26.73333333333333,15.733333333333333,16.2,0.1686594039690457,0.8798489838645555,0.1221479175000284,1.249998088525393,,,1.3956781801308082,motor / command
C. elegans,RMER,17.0,0.0154353087557635,0.0765729679840497,0.0702671002241123,29.823529411764707,20.764705882352946,15.529411764705882,1.062844740055227,1.4117377759631973,0.2222199905352281,1.59681369015032,,,1.0957340280840309,motor / command
C. elegans,RMEV,6.0,0.0063992921768834,0.0805974994635947,0.0765564631178708,28.0,20.0,13.166666666666666,0.5438790955688992,2.003276382992154,1.4435440522012544,1.3921572754858644,,,0.9998542358752311,motor / command
C. elegans,RMGL,6.0,-0.020744406698453,0.0617960686780198,0.0629019721694666,5.666666666666667,1.6666666666666667,4.0,-1.0150652752843672,-0.7602185066807435,-1.2080056558998091,-1.1143336525013905,,,-1.6990903961930073,state-modulatory
C. elegans,SAADL,3.0,0.0204942587486444,0.0707529606117349,0.071892085226759,25.33333333333333,18.0,11.0,1.3533954733967306,0.556294335797451,0.5377739372709821,1.0928747766217142,,,0.7522769946848877,motor / command
C. elegans,SAADR,4.0,-0.0138421464539891,0.0630159607831828,0.0695010820919581,21.0,10.75,13.75,-0.6186476829845806,-0.5809148336242818,0.0734678208359898,0.6065407159674712,,,0.02397902371364355,motor / command
C. elegans,SAAVL,11.0,-0.0202520185335341,0.065348541372321,0.0719653811232463,16.818181818181817,8.454545454545455,12.090909090909092,-0.9867859401244656,-0.2380646212468644,0.5520071821184229,0.13721134274869054,,,0.2236691026938098,motor / command
C. elegans,SAAVR,4.0,-0.0095430224126942,0.0643858209241518,0.0688363683250717,24.75,14.0,15.5,-0.3717360422919325,-0.3795683753516047,-0.0556121720556019,1.027406729995182,,,-0.7051726772907762,motor / command
C. elegans,SMBVR,2.0,-0.0008232668609751,0.0706418698114644,0.0756748961100509,23.5,13.5,14.5,0.1290657789705542,0.5399658519528701,1.2723535807959738,0.8871180586526116,,,0.5572293241530326,motor / command
C. elegans,SMDDL,6.0,0.0155501343272843,0.0686729072828659,0.0718089218526319,18.83333333333333,12.333333333333334,9.666666666666666,1.0694395184299277,0.2505613939733094,0.521624538423033,0.3633736856403489,,,0.505477195733103,motor / command
C. elegans,SMDDR,4.0,-0.0108854896209535,0.0683922522557597,0.0748598557074821,24.25,13.25,16.0,-0.4488379769612886,0.2093098136008197,1.1140818334501426,0.9712912614581538,,,-0.049913958000796524,motor / command
C. elegans,SMDVL,16.0,0.0177633904689728,0.0754228453914968,0.066349911988421,25.5625,18.4375,13.625,1.1965534839652865,1.242689050721726,-0.5384542346828113,1.1185943663678526,,,1.366315589820083,motor / command
C. elegans,SMDVR,12.0,0.0132486547732276,0.0694369954659081,0.0694832398310737,23.08333333333333,16.166666666666668,12.25,0.9372586166335756,0.3628695376022922,0.070003052957153,0.8403551682050877,,,0.4278911407831358,motor / command
C. elegans,URADL,8.0,-0.0310035991618729,0.062831858956834,0.067023069526598,7.75,2.25,5.875,-1.6042815944677766,-0.6079747133800619,-0.4077345556699758,-0.8805192002637734,,,-1.6628087851478544,motor / command
C. elegans,URADR,4.0,0.0119955933976299,0.0639511528817264,0.0626872595682215,5.0,2.5,2.5,0.8652915281835664,-0.443457285065241,-1.2497004460833798,-1.189154277217428,,,-1.5915773206498578,motor / command
C. elegans,URAVL,7.0,-0.0045334724407444,0.0644992604327945,0.0689721359496812,10.857142857142858,5.142857142857143,6.428571428571429,-0.0840225009228391,-0.3628946707811166,-0.0292476150198872,-0.5318016457836702,,,-0.8622769413905484,motor / command
C. elegans,URAVR,2.0,-0.0290012553460594,0.0659663294328898,0.0668854624542361,7.0,2.0,5.0,-1.4892809589791622,-0.1472601411116263,-0.4344563129242355,-0.9646924030693156,,,-1.141405044292943,motor / command
C. elegans,URBL,15.0,-0.0124565230487973,0.0631584174181756,0.0673465475633055,13.0,6.266666666666667,8.666666666666666,-0.5390671579586069,-0.559976098307149,-0.3449187321398204,-0.2913067806249784,,,-0.7733378511996541,interneurons
C. elegans,URBR,9.0,-0.0079580125818716,0.0644271570828837,0.0695762770953912,9.11111111111111,4.555555555555555,5.222222222222222,-0.2807041543809865,-0.3734926535239928,0.0880698510513442,-0.7277604248018636,,,-0.5739090511438724,interneurons
C. elegans,URXL,15.0,0.0136726583514059,0.0726776596446693,0.0694679727127894,20.8,13.533333333333331,9.0,0.9616104190337748,0.8391928025329273,0.0670383490232509,0.58409452855266,,,-0.10348294183352717,sensory neurons
C. elegans,URXR,14.0,0.0173918174689379,0.0659641197115883,0.0691488063621095,13.214285714285714,9.357142857142858,5.357142857142857,1.1752129275648548,-0.14758493306997,0.0050598067854801,-0.2672572941091093,,,-0.8175679977841409,sensory neurons
C. elegans,URYDL,13.0,-0.0048960165324302,0.0696506567315745,0.0742033289794669,21.923076923076923,13.23076923076923,13.384615384615383,-0.1048444999258296,0.3942741590124364,0.9865916721100214,0.7101385040358308,,,0.18298685654646618,sensory neurons
C. elegans,URYDR,13.0,0.008606214104259,0.0649661601009872,0.0671782703460683,13.538461538461538,7.923076923076923,6.769230769230769,0.6706292681005015,-0.2942682528368902,-0.3775962891378532,-0.230874737585102,,,-0.14598364008163356,sensory neurons
C. elegans,URYVL,17.0,-0.0129146696520423,0.0700600343649343,0.078436137910346,25.41176470588235,13.764705882352942,16.823529411764707,-0.5653798971116072,0.4544458028962713,1.8085559128517703,1.1016772030588953,,,0.4782682417571151,sensory neurons
C. elegans,URYVR,12.0,-0.007291485824801,0.062976907562103,0.0750184621060593,16.916666666666668,8.75,10.083333333333334,-0.2424235154477856,-0.5866550019183961,1.1448814254261068,0.14826438958174185,,,-0.8452936766778225,sensory neurons
Drosophila,AL_L,20.0,0.0033322920561839,0.0368262275586358,0.0380024150844559,30.0,23.75,21.4,0.6629959933268555,0.960847918198461,1.294194055017483,0.5410187554446694,,,1.3168066036202326,olfactory neuropil
Drosophila,AL_R,20.0,0.0051268335943413,0.0378532506424569,0.0367732798206984,31.6,25.85,22.2,0.90406087174058,1.1854746469949076,0.931718319533246,0.7343034179219491,,,1.3871975804562144,olfactory neuropil
Drosophila,AME_L,19.0,-0.0036229025391027,0.0246808647387586,0.0263768042657553,9.526315789473683,5.631578947368421,7.684210526315789,-0.2713112399167851,-1.6955413716359615,-2.134234008367033,-1.932261958491573,,,-1.9383794381764161,optic neuropil
Drosophila,AME_R,20.0,-0.0081849720377856,0.0297088666821131,0.0280226884335022,8.1,4.65,7.0,-0.8841444932190051,-0.5958351949102701,-1.648857750914239,-2.1045650622130956,,,-2.0744785886782635,optic neuropil
Drosophila,AMMC_L,20.0,-0.0075688562110914,0.0304581872531132,0.0344781772647314,20.55,12.9,16.6,-0.801380241908722,-0.4319465430044102,0.254885580683478,-0.6005687823117632,,,-0.7515988914054798,protocerebrum
Drosophila,AMMC_R,20.0,-0.0109397038118064,0.02665241039958,0.030376490376843,15.85,10.6,13.3,-1.25419392704187,-1.2643321228472617,-0.9547143838218328,-1.1683424783387721,,,-0.8662409864629713,protocerebrum
Drosophila,ATL_L,20.0,-0.0051941224240768,0.0284311866849001,0.0323807217239272,23.3,15.25,18.9,-0.4823768087424724,-0.8752846861084806,-0.3636604509992107,-0.26836076867893893,,,-0.7263204605714463,protocerebrum
Drosophila,ATL_R,20.0,-0.0059634237685867,0.0269761145500217,0.0303909158044715,22.9,13.7,18.2,-0.5857188218051518,-1.193532736195685,-0.9504602812478684,-0.3166819342982591,,,-0.4568377903201064,protocerebrum
Drosophila,AVLP_L,20.0,0.0081452244198347,0.0337136993292886,0.0317891211329366,23.6,18.25,15.35,1.3095282303283335,0.2800871393427196,-0.5381252683836272,-0.23211989446444892,,,2.1607998520728313,protocerebrum
Drosophila,AVLP_R,20.0,-0.0008447025599125,0.030215680880801,0.03276275522734,23.15,15.7,15.6,0.1018907317022061,-0.4849866489016426,-0.2509976064674884,-0.28648120578618413,,,1.4167858482701754,protocerebrum
Drosophila,CRE_L,20.0,-0.0055205033244336,0.034957989108328,0.0416111900731731,35.75,28.2,29.15,-0.5262203032440608,0.5522336442689572,2.3584327981428053,1.235635511222393,,,0.5028090860223429,protocerebrum
Drosophila,CRE_R,20.0,-0.0086074201524619,0.035956362013297,0.0406003378642132,35.95,26.9,30.65,-0.9408929168331658,0.7705941108397945,2.0603294008092337,1.2597960940320532,,,0.6686250917327319,protocerebrum
Drosophila,EB,20.0,-0.0026985253005911,0.0327005823399625,0.0342509112477356,28.4,21.35,21.6,-0.1471375265353524,0.0585019006217566,0.1878641396019802,0.34773409296738955,,,0.2368346347811162,central complex
Drosophila,EPA_L,20.0,-0.0074540175471326,0.027523701584169,0.0292913005407636,18.1,9.55,15.45,-0.7859537009366719,-1.0737665048912934,-1.2747401739617834,-0.8965359217300976,,,-1.4231744043189969,protocerebrum
Drosophila,EPA_R,20.0,-0.0120455547056901,0.0252386999468425,0.0281596470954951,16.9,8.1,13.95,-1.4027454125379943,-1.5735336972483815,-1.608468224065046,-1.0414994185880575,,,-1.3016661957065214,protocerebrum
Drosophila,FB,20.0,0.0016866139422043,0.0342850655355071,0.0342048110842924,32.2,25.25,24.25,0.4419282799196944,0.4050542641031294,0.1742690608968491,0.8067851663509291,,,0.1989865334632822,central complex
Drosophila,FLA,20.0,-0.0066704229509483,0.0329956445672369,0.0358218791355303,28.25,20.45,21.45,-0.6806916426124164,0.1230368307008869,0.6511473577643807,0.32961365586014474,,,0.011181785028459417,protocerebrum
Drosophila,GA_L,20.0,-0.0099691578199508,0.0289723160497544,0.0326166747073862,15.6,7.0,13.7,-1.1238182591920087,-0.756930852589291,-0.2940771970312696,-1.198543206850847,,,-0.8305422214615171,protocerebrum
Drosophila,GA_R,20.0,-0.0127119978786406,0.0266095001696026,0.0281633758597946,13.4,5.55,12.05,-1.4922702516353112,-1.2737172912466583,-1.6073686001084582,-1.4643096177571064,,,-1.1553841098375885,protocerebrum
Drosophila,GOR_L,20.0,-0.013302566711744,0.0265346611483197,0.0299265199490895,21.2,10.7,18.05,-1.5716027167356617,-1.290085807983953,-1.087412034402208,-0.5220468881803686,,,-1.1689062455167443,protocerebrum
Drosophila,GOR_R,20.0,-0.0115964139558639,0.0262940198981965,0.0295846189013993,24.4,13.1,20.6,-1.342411306057153,-1.3427179811845356,-1.1882396954242007,-0.13547756322580945,,,-1.0474338998091797,protocerebrum
Drosophila,IB_L,20.0,-0.0020212290577688,0.0295159715406291,0.0322300383770708,29.1,23.1,21.45,-0.0561547696838908,-0.6380245140354779,-0.4080974292452018,0.4322961328011997,,,-0.5657498789557085,protocerebrum
Drosophila,IB_R,20.0,-0.0017645368185017,0.0315182483129775,0.0332513535480549,27.95,22.55,21.0,-0.0216727127724593,-0.2000938690451339,-0.1069084725213474,0.2933727816456547,,,-0.3877446752272915,protocerebrum
Drosophila,ICL_L,20.0,-0.0047808063237031,0.0320016945960047,0.035117095392693,30.2,21.7,24.15,-0.4268551095427292,-0.0943562679961236,0.4433044839367109,0.5651793382543292,,,-0.13900990598354687,protocerebrum
Drosophila,ICL_R,20.0,-0.0079530038610297,0.0321714062764063,0.0349056944380228,30.45,21.25,25.15,-0.8529836762991914,-0.0572375506004682,0.3809616980891249,0.5953800667664041,,,-0.13115487391050085,protocerebrum
Drosophila,IPS_L,20.0,0.0056786082125807,0.0367339510986032,0.0341052128441978,30.8,26.5,21.15,0.9781820210310272,0.9406655486991112,0.1448972363338999,0.6376610866833092,,,0.9699865895704541,protocerebrum
Drosophila,IPS_R,20.0,0.0106824165237237,0.0382163033740878,0.0332449605254484,30.75,26.5,19.45,1.6503550616004037,1.2648802112627076,-0.1087937943728898,0.6316209409808942,,,1.3755059880874352,protocerebrum
Drosophila,IVLP_L,20.0,-0.0029504751395871,0.0328010583473644,0.0354721262322164,28.25,20.55,22.75,-0.1809825259474578,0.0804776451018555,0.5480041605877687,0.32961365586014474,,,0.10420179561885583,protocerebrum
Drosophila,IVLP_R,20.0,-0.0038544283224081,0.0305013101646428,0.0353196199506615,27.65,20.6,21.7,-0.3024126291102955,-0.4225148576745746,0.5030295933431875,0.25713190743116476,,,-0.242738854503643,protocerebrum
Drosophila,LAL_L,20.0,0.0029238421485532,0.037528206896357,0.03936605346541,34.35,29.35,25.5,0.6081279809529555,1.114382268885444,1.696335169706342,1.0665114315547735,,,0.600328439896069,premotor interface
Drosophila,LAL_R,20.0,0.003177562654538,0.0364480716307328,0.0376536772603876,33.55,29.4,25.2,0.6422108381205285,0.8781390381372738,1.1913502078042104,0.969869100316133,,,0.6887605294433212,premotor interface
Drosophila,LB_L,20.0,-0.0051460398011792,0.0278652399501982,0.0299704975472557,11.45,6.1,9.65,-0.4759177597897591,-0.9990664839003446,-1.074442906666505,-1.6998753001512912,,,-1.349615720204632,protocerebrum
Drosophila,LB_R,20.0,-0.0019502747670497,0.025820524043415,0.0274254770469537,9.95,6.15,7.45,-0.0466233171644323,-1.4462792609977564,-1.824977209009483,-1.8810796712237408,,,-1.1999327441548182,protocerebrum
Drosophila,LH_L,20.0,-0.0058306675446944,0.0317430842187603,0.0353991298872875,29.05,21.0,22.9,-0.5678853739351711,-0.1509185828927677,0.5264773159873937,0.42625598709878465,,,0.6425471964887135,olfactory neuropil
Drosophila,LH_R,20.0,-0.005814797859193,0.0311746759766348,0.0361320680858971,26.75,19.4,21.35,-0.5657535627039914,-0.2752387525763513,0.7426230246324401,0.14840928478769513,,,0.5560332241331533,olfactory neuropil
Drosophila,LOP_R,9.0,-0.0035841769710685,0.037859266625544,0.0314172391048269,9.88888888888889,8.222222222222221,8.777777777777779,-0.2661091455928713,1.186790440790242,-0.6477944119084355,-1.8884620715266922,,,-2.187363303779471,protocerebrum
Drosophila,LO_L,20.0,0.0011422697215276,0.0255495804583835,0.0284515327509435,9.85,6.45,7.15,0.3688052729664124,-1.505539049947754,-1.522390254653836,-1.8931599626285707,,,-1.6301182867588306,optic neuropil
Drosophila,LO_R,20.0,-0.0038539025324524,0.0274995663657644,0.0275759435077558,10.75,5.95,8.85,-0.3023419985402844,-1.0790452714978236,-1.780604191121898,-1.7844373399851008,,,-0.9895188675403265,optic neuropil
Drosophila,MB_L,20.0,0.019221052918619,0.0447927364902417,0.0360740200183776,37.75,34.15,21.85,2.797369661478633,2.7032535850472184,0.7255044725999743,1.4772413393189925,,,1.1407665117357464,mushroom body
Drosophila,MB_R,20.0,0.0185546100279477,0.043203589375557,0.0353764833895953,35.8,32.6,21.15,2.707844860300547,2.3556811462468867,0.5197987947951633,1.2416756569248075,,,1.869634162821081,mushroom body
Drosophila,ME_L,19.0,-0.0024927508349402,0.027189182058592,0.0288668721708407,7.052631578947368,4.7368421052631575,6.0,-0.1194953708716262,-1.146931390795637,-1.3999053938399373,-2.23109021955842,,,-1.8330651333062224,optic neuropil
Drosophila,ME_R,19.0,-0.0056051183081214,0.0284203165790896,0.0301913480228948,11.421052631578949,6.315789473684211,10.31578947368421,-0.5375868279641348,-0.8776621558541459,-1.0093134282846257,-1.7033722266105837,,,-1.1633131631028328,optic neuropil
Drosophila,NO,20.0,-0.0083012882473155,0.028414010184706,0.0305882112261344,19.85,12.35,16.3,-0.8997695162745709,-0.8790414673449977,-0.8922772600754804,-0.685130822145573,,,-0.6597496183506076,central complex
Drosophila,OTU_L,20.0,-0.0172199988604376,0.0288552626553449,0.0359427561840006,28.8,15.75,25.8,-2.097840357124022,-0.7825323424632157,0.686794367771638,0.3960552585867097,,,0.0261426066338373,protocerebrum
Drosophila,OTU_R,20.0,-0.0102883062657547,0.0265622623073444,0.0319430912717757,27.05,17.4,22.75,-1.1666902014946885,-1.2840489835343611,-0.4927190051643222,0.18465015900218515,,,0.05775959084403133,protocerebrum
Drosophila,PB,20.0,0.0092523747259424,0.0316432071138839,0.029421312545411,23.4,19.5,15.6,1.4582542688471325,-0.1727633376051808,-1.2363992375360684,-0.2562804772741092,,,0.9614939817167142,central complex
Drosophila,PLP_L,20.0,0.0053801152260735,0.0359354649543937,0.0341989194293219,33.45,29.05,23.6,0.938084773923779,0.7660235826239569,0.1725315938892567,0.9577888089113038,,,0.5857349703408701,protocerebrum
Drosophila,PLP_R,20.0,-0.0002209306126468,0.0328993239092711,0.0352575481522082,31.5,25.5,23.15,0.1856834472388508,0.1019699290360355,0.4847244307946642,0.722223126517119,,,0.4218926310947889,protocerebrum
Drosophila,PRW,20.0,-0.0033600389825805,0.0309075744901487,0.031487142997445,21.8,15.35,14.95,-0.2360001758120856,-0.3336582117990448,-0.62717954091979,-0.44956513975138856,,,-0.23319281891905363,protocerebrum
Drosophila,PVLP_L,20.0,-0.0015562284239945,0.0320451471718624,0.0339241593830535,29.95,23.05,22.8,0.0063098313630171,-0.0848524796913987,0.0915040188212629,0.5349786097422542,,,0.2577774597951404,protocerebrum
Drosophila,PVLP_R,20.0,-0.0002152886815084,0.0317167788694393,0.0337765046865699,28.9,22.75,21.6,0.1864413407815596,-0.1566719925881535,0.0479601988010446,0.40813554999153945,,,0.06254685404074789,protocerebrum
Drosophila,SAD,20.0,0.0088533209091826,0.0389711636827723,0.0385542747621452,33.0,27.8,21.9,1.4046484548984002,1.4299804943130274,1.4569391559455709,0.9034274975895685,,,0.6346733061933693,protocerebrum
Drosophila,SCL_L,20.0,-0.0040885555232692,0.0347755539025769,0.0383704541367888,32.4,25.2,26.15,-0.3338634726872435,0.5123320839917481,1.4027298932729475,0.8309457491605886,,,0.47176192606991213,protocerebrum
Drosophila,SCL_R,20.0,-0.0066567065867014,0.03329882134231,0.0367587209787602,29.7,23.0,24.3,-0.6788490919613654,0.1893465449658748,0.92742487267272,0.5047778812301793,,,0.1974238885144271,protocerebrum
Drosophila,SIP_L,20.0,-0.0088954139158248,0.0340570385523753,0.036795548281632,28.0,20.25,22.0,-0.979579779228262,0.3551810371960588,0.938285356533172,0.29941292734806985,,,0.23301492223022857,protocerebrum
Drosophila,SIP_R,20.0,-0.0057080793330456,0.0304457772349224,0.0335324457695452,32.0,22.35,25.15,-0.5514178184577765,-0.4346608167480194,-0.0240135196809772,0.7826245835412688,,,0.3728028096636963,protocerebrum
Drosophila,SLP_L,20.0,-0.0006043593567429,0.0346954059966804,0.036459635425662,33.0,26.2,25.1,0.1341765851180856,0.4948024274484574,0.839223631500495,0.9034274975895685,,,0.9103590024411722,protocerebrum
Drosophila,SLP_R,20.0,0.0031603032861147,0.0348485788226725,0.0353183630689485,30.65,24.65,22.25,0.639892347596905,0.5283038271590631,0.5026589350952368,0.619540649576064,,,0.6526547443553689,protocerebrum
Drosophila,SMP_L,20.0,0.0076326729238029,0.0365637392191854,0.0340536137050824,31.6,25.9,20.9,1.2406760129544483,0.9034374296059462,0.1296804929430833,0.7343034179219491,,,0.6809976494659512,protocerebrum
Drosophila,SMP_R,20.0,0.0054604457272545,0.0388556108394416,0.033451269875144,34.3,28.1,22.55,0.9488757542874848,1.4047071994773144,-0.047952538350683,1.060471285852358,,,0.7368649301953856,protocerebrum
Drosophila,SOG,20.0,0.0194263316820468,0.0422175636785953,0.0333088776777577,30.8,27.45,17.65,2.824945228326448,2.1400212158062835,-0.0899444313479032,0.6376610866833092,,,1.9128668712096328,protocerebrum
Drosophila,SPS_L,20.0,0.0030706967426875,0.0362913660942843,0.0359202523188394,32.8,28.85,22.95,0.6278552952149821,0.8438649769294534,0.6801579093475122,0.8792669147799083,,,0.5734880314335872,premotor interface
Drosophila,SPS_R,20.0,0.0022803629430673,0.0320116451271246,0.0336109730284727,31.8,25.85,22.9,0.521687944245032,-0.0921799242600623,-0.0008555916850858,0.7584640007316089,,,0.4702364091205148,premotor interface
Drosophila,VES_L,20.0,0.0036751041918586,0.0383499584106809,0.0380670143615002,34.25,29.2,24.8,0.709046733333709,1.2941127515337487,1.3132445787057991,1.0544311401499433,,,0.7970946524888117,premotor interface
Drosophila,VES_R,20.0,0.003597822662017,0.0383026958231952,0.0367964808193032,33.4,29.15,24.3,0.6986653282791179,1.2837756514348069,0.9385603647346388,0.9517486632088883,,,0.7387687297278421,premotor interface
Drosophila,WED_L,20.0,-0.0006818382674912,0.0337495500510366,0.036987987980844,19.7,15.0,15.3,0.1237686654338396,0.2879282779481641,0.9950364103553524,-0.7032512592528182,,,-0.2519942839683664,protocerebrum
Drosophila,WED_R,20.0,-0.0005807882449179,0.0304654467788448,0.0344729403892017,16.35,12.35,12.85,0.1373429466011449,-0.4303587661146791,0.2533412101286272,-1.1079410213146221,,,-0.8989220598870923,protocerebrum
Zebrafish,Cb,7.0,0.009084295914606,0.079091939376562,0.0814500200966653,13.1991341991342,8.232900432900433,6.702164502164502,0.3978957532226658,-0.3034878622526512,0.0500673074182442,-0.5021305221511639,-0.1730012491368925,-0.44763561773789,-0.8203721390036479,hindbrain / motor
Zebrafish,HR,2.0,-0.0687367344329157,0.0748333333707866,0.0829423910089231,61.33333333333333,7.666666666666666,57.5,-2.0541012975660724,-1.1012836594977464,0.2175647703059431,3.6079359340628088,-0.2877776001584824,3.919029365464394,-1.0832638866537794,state system
Zebrafish,Hb,6.0,0.0229255481506386,0.0714375513563906,0.070698706885114,5.333333333333333,3.0583333333333336,2.3833333333333333,0.8340080677270646,-1.7374403304298796,-1.1566150735197789,-1.1737728237017342,-1.2218930059020447,-0.8188894053938864,0.9680133718915385,state system
Zebrafish,Hi,3.0,-0.0704380760481445,0.0878737601046933,0.0975423874311194,30.0,6.333333333333333,27.166666666666668,-2.10770743210703,1.3416748176387447,1.856207241022352,0.9324560338850291,-0.5580460719830213,1.3115264434921927,-1.264492777108197,state system
Zebrafish,MON,7.0,-0.0040485116928413,0.0783973291487383,0.086081619954216,14.525850340136056,6.206802721088435,11.415646258503402,-0.0158947784399925,-0.4336142744470804,0.5698986837059961,-0.38884534017801825,-0.5836939983908602,-0.0424570204087796,-1.056626930821475,hindbrain / motor
Zebrafish,MOS1,7.0,0.0436772649777838,0.0863563973800392,0.0790910642690569,17.952380952380953,14.595238095238097,4.095238095238096,1.4878563685236037,1.0574161651633325,-0.2146920181242267,-0.09626192165445177,1.1166532087868897,-0.6717312734552668,0.7050535321842184,hindbrain / motor
Zebrafish,MOS2,7.0,0.068362066827852,0.0931515902392915,0.0858432728275791,28.214285714285715,25.142857142857142,6.285714285714286,2.2656289200482846,2.3304093223676774,0.543147600131306,0.7799780760481496,3.2546698698274383,-0.4834343591527217,-0.2846674053324526,hindbrain / motor
Zebrafish,MOS3,7.0,0.0414927148018637,0.0865953590903492,0.077532229940679,15.928571428571429,11.773809523809524,4.8809523809523805,1.4190252239764851,1.1021826093775342,-0.3896490565661821,-0.26907027386958193,0.5447458175153205,-0.6041899889771801,1.1686973057175354,hindbrain / motor
Zebrafish,MOS4,7.0,0.0282805372857933,0.0823106940975601,0.0856956698116832,17.488095238095237,13.730952380952385,5.852380952380953,1.0027338929669674,0.2995049915808777,0.526581255615958,-0.13590619069204055,0.9414613243720548,-0.5206844008951816,-0.6913228647308606,hindbrain / motor
Zebrafish,MOS5,7.0,0.0065369111430548,0.0818493351002385,0.0808686652699474,16.176190476190474,9.88095238095238,7.969047619047619,0.3176323601633033,0.2130752376695808,-0.0151815242984354,-0.24792666371620153,0.161061111978698,-0.3387322739223962,-0.6616524551211531,hindbrain / motor
Zebrafish,NX,6.0,0.0169055033312598,0.0858762039835019,0.0816512690391111,23.694444444444443,17.444444444444446,8.5,0.6443275652097536,0.9674580255508126,0.0726546461231397,0.39403942276769194,1.69419119322147,-0.2930907392599315,-1.1184981595696126,hindbrain / motor
Zebrafish,OB,4.0,0.0081252994484858,0.0607759438228602,0.0518398034216539,1.425,0.7625000000000001,0.7625,0.3676795443631485,-3.7347572154838016,-3.273259439225567,-1.5074962474207179,-1.6872615308249228,-0.9582188884498188,1.217011856688843,telencephalon
Zebrafish,P,7.0,-0.0205621704524449,0.0800303114137399,0.0735642246216347,9.8,4.071428571428571,7.014285714285714,-0.5362096906874776,-0.1276957681970821,-0.8350013602098622,-0.7923746251657526,-1.0165372295425068,-0.420805168091223,1.6937789943667554,telencephalon
Zebrafish,PO,7.0,-0.0243238035979026,0.08051994379539,0.0755014513159796,17.785714285714285,5.571428571428571,13.428571428571429,-0.6547318091639655,-0.0359693544960271,-0.6175751468764848,-0.1104931977192273,-0.7124851987399007,0.1305773179207951,1.3010108008539019,state system
Zebrafish,PT,6.0,-0.036987514212423,0.081232607814409,0.0852392694092587,30.02777777777777,10.11111111111111,24.0,-1.053741960278407,0.0975392063922187,0.4753567853189826,0.9348279132291578,0.2077145981865055,1.0393145999896,0.023445595071728827,diencephalon
Zebrafish,PrT,7.0,-0.0155893616019945,0.0809657442801372,0.0795906326988633,15.857142857142858,7.047619047619047,10.642857142857142,-0.3795256609208527,0.0475457095082005,-0.1586225491711115,-0.27516939218305714,-0.413259390648447,-0.1088872361378764,-0.6461783285708367,diencephalon
Zebrafish,Ra,7.0,0.0025916648127522,0.0784597139732308,0.081087213949045,12.476190476190476,6.3809523809523805,7.309523809523809,0.193324929082815,-0.4219272691865578,0.0093474644172009,-0.5638609923542158,-0.5483936265607163,-0.3954260187721843,0.23956256551103444,state system
Zebrafish,SP,7.0,-0.0044530580084996,0.0752768939949569,0.0684896492875651,14.0,6.333333333333334,8.976190476190476,-0.0286412862730555,-1.018188204950753,-1.4045504493188548,-0.4337464683334119,-0.5580460719830211,-0.2521566274550303,2.0185966119378254,telencephalon
Zebrafish,T,7.0,-0.011071970970002,0.0839711801026162,0.0842315579799637,14.542857142857144,6.473809523809523,9.01190476190476,-0.2371910187625319,0.6105759745319873,0.3622554736118982,-0.38739316915100036,-0.5295713579872218,-0.2490865690696628,-0.2645891322787019,diencephalon
Zebrafish,TS,4.0,-0.0475471680629615,0.0774264409371311,0.0873387809308738,5.041666666666667,1.0,4.041666666666667,-1.3864571657086684,-0.6154978611805387,0.710997168206105,-1.198677556815091,-1.6391199592811767,-0.6763363610333183,-0.9821272810712202,mesencephalon
Zebrafish,TeO,7.0,-0.0028838165033116,0.0782379161599828,0.0779979140139438,5.727124183006536,2.943490729625183,3.359470454848606,0.0208026175857542,-0.4634782750808511,-0.3373826259232434,-1.1401479459408432,-1.2451717571554597,-0.7349790626489434,-0.4108688810579758,mesencephalon
Zebrafish,Th,7.0,-0.0227169799841936,0.0788944500801006,0.0838281811755725,13.071428571428571,5.166666666666666,9.333333333333332,-0.6041037624218754,-0.3404849759805121,0.3169821499573517,-0.5130350064085893,-0.7945309848294929,-0.2214560436013546,0.19078730501472632,diencephalon
Zebrafish,aRF,6.0,-0.024626686625029,0.0801095699447368,0.0829650635231926,17.88888888888889,7.777777777777779,11.694444444444445,-0.6642750943907432,-0.1128476881353558,0.2201094383815817,-0.10168336015531859,-0.2652552275064372,-0.0184910725687197,-0.7707414725060349,hindbrain / motor
Zebrafish,imRF,6.0,0.0189574142555069,0.0821061236417115,0.0844052577910638,22.375,13.666666666666666,10.0,0.7089794917168581,0.2611813124954678,0.3817508131580936,0.28137515392155327,0.9284305230519424,-0.1641482870744929,-1.1996910586215992,hindbrain / motor
Zebrafish,pRF,7.0,0.0175232870523229,0.08353756550969,0.0812770090646821,15.80952380952381,11.571428571428571,5.666666666666666,0.663792790166396,0.5293437827322599,0.0306492735563167,-0.2792354710587072,0.5037229244705244,-0.5366487044990932,0.34380615401926085,hindbrain / motor
Zebrafish,rCb,7.0,0.0205662223784626,0.0799832857012868,0.0818265789184596,16.94557823129252,11.214285714285714,7.479591836734694,0.7596700666829874,-0.1365054387105491,0.0923306929884565,-0.18223044645391137,0.431329583803237,-0.3808066931275767,-0.6418541272004493,hindbrain / motor
Zebrafish,rHR,2.0,-0.051410390052743,0.0757730048587079,0.0779189391231794,53.75,11.5,47.0,-1.50818016119183,-0.925248129834296,-0.3462464370081554,2.9604128731155273,0.4892442563370669,3.016432200166324,-0.7688707902235725,state system
Zebrafish,rHb,6.0,0.006519709070967,0.0753326922082848,0.0719643891228095,9.333333333333334,5.222222222222222,4.277777777777778,0.3170903546175206,-1.0077351177136598,-1.01456019835788,-0.8322221981471238,-0.7832697985034702,-0.6560398639300548,1.4671634821314747,state system
Zebrafish,rHi,4.0,-0.0539128057707043,0.079486069914849,0.0862486345172735,45.875,12.0,41.125,-1.587026662361084,-0.2296525070718963,0.5886436990018962,2.2879850790548883,0.590594933271269,2.5114075957733566,-0.37072344889026115,state system
Zebrafish,rMON,7.0,-0.0183779788254962,0.0769116025890558,0.081954037948268,12.40561224489796,5.092857142857143,9.389285714285714,-0.4673898433567583,-0.7119462928499727,0.1066361608447914,-0.5698875021163401,-0.8094922752340655,-0.2166462854642786,-1.0131612304939532,hindbrain / motor
Zebrafish,rMOS1,7.0,0.0271919896799789,0.0843240253263609,0.0811093507074153,19.5,14.190476190476192,7.571428571428571,0.968435766776904,0.6766770499073064,0.011832001493823,0.03588564180417717,1.0346074226972974,-0.3729122572794887,0.1510659838926707,hindbrain / motor
Zebrafish,rMOS2,7.0,0.0464477687338291,0.0896724708949829,0.0833372770542976,20.690476190476183,17.095238095238095,5.738095238095239,1.5751498290276085,1.678640460153316,0.2618851267178295,0.13753761369542955,1.6234065934578996,-0.530508587728358,-0.7320054457599217,hindbrain / motor
Zebrafish,rMOS3,7.0,0.0203069256174644,0.0842463074519652,0.0788497011537933,18.48809523809524,12.178571428571429,7.797619047619047,0.7515001042652778,0.6621175923102448,-0.2417816036349446,-0.05051853430338769,0.6267916036049127,-0.3534685541721607,0.8259330347303989,hindbrain / motor
Zebrafish,rMOS4,7.0,0.0361093245401349,0.0817878498124902,0.0799535386619331,19.2,14.904761904761909,6.816666666666667,1.249404531651326,0.20155674920375,-0.1178915033019309,0.010269344887581345,1.179394104031872,-0.4377928244902569,-0.45727830014519555,hindbrain / motor
Zebrafish,rMOS5,7.0,0.0248569342607543,0.0800323215156458,0.0806428655520074,15.202380952380953,11.20238095238095,6.202380952380953,0.8948624797644009,-0.1273192011114322,-0.0405243392548657,-0.33107797672324635,0.4289164724476606,-0.4905978287185793,-0.47879638456019863,hindbrain / motor
Zebrafish,rNX,7.0,0.0226842358444589,0.0817189755294769,0.0791194664249843,18.297619047619047,14.142857142857142,7.797619047619048,0.8264047622911274,0.1886540262348414,-0.2115042790579469,-0.06678284980598842,1.0249549772749922,-0.3534685541721606,-0.9418490600778742,hindbrain / motor
Zebrafish,rP,7.0,-0.0128623519180842,0.0781206515910605,0.0727415325809932,10.15,3.85,6.785714285714286,-0.2936026183633293,-0.4854463040849506,-0.9273368703793038,-0.7624889454297242,-1.0614211007562249,-0.4404535417575755,1.765998288431979,telencephalon
Zebrafish,rPO,7.0,-0.0252880293354669,0.0794455226669624,0.0737383708801443,17.119047619047617,5.523809523809524,11.976190476190476,-0.6851127827162873,-0.2372485194547968,-0.8154559132756257,-0.1674183019783291,-0.7221376441622056,0.0057282769158467,1.5452370668215225,state system
Zebrafish,rPT,7.0,-0.0020200671751159,0.0781505457671424,0.0779435658246731,15.023809523809524,8.452380952380953,8.30952380952381,0.0480177649038862,-0.4798460095266238,-0.3434824391403319,-0.3463257725069343,-0.1285122506904504,-0.3094643839818918,0.5838972906711766,diencephalon
Zebrafish,rPrT,7.0,-0.0083923417286639,0.079554899631643,0.0802426261622788,15.976190476190478,9.428571428571429,7.976190476190476,-0.1527608465118326,-0.2167581330186571,-0.0854455326234966,-0.2650041949939317,0.0693628804668012,-0.3381182622453227,0.3542511433940488,diencephalon
Zebrafish,rRa,6.0,-0.0074935519949574,0.0779921935797017,0.0802137463949094,15.416666666666666,7.5,9.916666666666666,-0.1244416406816596,-0.5095112824946846,-0.0886868767983461,-0.31278062178282084,-0.3215611591365497,-0.1713117566403507,0.3818417565853805,state system
Zebrafish,rSP,7.0,-0.0036831932011998,0.0737170328635025,0.0678339533299579,11.642857142857142,4.511904761904762,7.392857142857143,-0.0043842669483914,-1.3104083946730674,-1.47814301831283,-0.635017372678093,-0.927252109386186,-0.3882625492063266,2.2632724998842355,telencephalon
Zebrafish,rT,7.0,-0.0101132776589985,0.0824936398986949,0.0820937982400173,20.52857142857143,10.16190476190476,12.957142857142856,-0.2069843617612818,0.3337775660033739,0.1223222708380775,0.1237129455182198,0.2180105399702974,0.090052547233943,0.06456317224867268,diencephalon
Zebrafish,rTS,1.0,-0.0791079186213722,0.0933857035800225,0.1179187911908976,35.5,2.0,34.0,-2.380878171757021,2.3742674860627715,4.143169486470299,1.402088144022618,-1.4364186054127726,1.898930947892524,-1.4714358318806788,mesencephalon
Zebrafish,rTeO,7.0,0.0156653112802303,0.0770351648192344,0.0768696981154241,6.9091575091575095,4.705128205128205,2.7455433455433456,0.6052514024044555,-0.688798476921223,-0.4640088547243187,-1.0392168904475279,-0.8880854558456792,-0.787753240606902,0.33535668371345145,mesencephalon
Zebrafish,rTh,7.0,-0.0158344059175585,0.0820312641969962,0.0775644455847354,8.802380952380952,4.904761904761904,4.873809523809524,-0.3872465550852245,0.2471573454280911,-0.3860333075587349,-0.8775589776106227,-0.8476194346521702,-0.6048040006542535,1.2052193332329963,diencephalon
Zebrafish,raRF,4.0,-0.0523172232650043,0.0863079718059174,0.0976602482739962,39.5,12.875,31.625,-1.536752802187359,1.048344248329245,1.8694354485634683,1.7436387695772284,0.7679586179061226,1.694772065265579,-1.3882834969440954,hindbrain / motor
Zebrafish,rimRF,6.0,-0.0085333379331618,0.0859499185018249,0.091350292395546,32.5,18.25,18.58333333333333,-0.1572033767129548,0.9812675051866896,1.1612324194821932,1.1459251748566606,1.857478394948795,0.5736890782088497,-1.2716154398521042,hindbrain / motor
Zebrafish,rpRF,7.0,0.0248635350742806,0.0821143870808174,0.0833434062263856,16.476190476190478,11.38095238095238,7.238095238095239,0.89507045921709,0.2627293629562348,0.2625730393311712,-0.22231036679960542,0.4651131427813046,-0.4015661355429193,-0.022597500519403804,hindbrain / motor
