species,node,edge_target_dca_mean,n_edge_values,EdgeStdFCV_raw,PostDCA,EdgeStdFCV_zscore,EdgeStdFCV,class_order,class_label,fine_class,postdca_for_plot,postdca_mode,shared_fine_order,shared_fine_label,n_sample_edges,sample_edge_mean
C. elegans,AVBL,-0.0284813167066697,21,0.3873349817527458,-0.1313519933416719,0.9244595349435024,0.9244595349435024,1,sensorimotor output,locomotor command interneuron,-0.1313519933416719,signed_PostDCA,3,sensorimotor output,21.0,-0.028481316706669764
C. elegans,BAGL,-0.0052441617902893,19,0.3871291779914279,0.0300907143407224,1.4517242918919655,1.4517242918919655,0,sensory input,thermo/gas sensory,0.0300907143407224,signed_PostDCA,2,other sensory,19.0,-0.005244161790289352
C. elegans,ASIL,0.0322131085676912,17,0.3802040399089336,0.0315659701679215,1.1971120119688037,1.1971120119688037,0,sensory input,chemosensory,0.0315659701679215,signed_PostDCA,0,olfactory / chemosensory,17.0,0.03221310856769127
C. elegans,RID,0.0265366973585774,8,0.3786347558989021,0.0108227569268958,1.206516453563277,1.206516453563277,2,integrative relay,integrative interneuron,0.0108227569268958,signed_PostDCA,4,integrative relay,8.0,0.0265366973585774
C. elegans,AIML,0.0066646005411318,18,0.3765584426919707,0.003309356207847,0.9681821108084344,0.9681821108084344,3,associative / learning,associative interneuron,0.003309356207847,signed_PostDCA,5,associative / learning,18.0,0.006664600541131878
C. elegans,RIS,-0.0293479547742437,25,0.3748638452544535,-0.0219287788226396,0.9586480487944484,0.9586480487944484,4,state-dependent / modulatory,state-modulatory interneuron,-0.0219287788226396,signed_PostDCA,6,state-dependent / modulatory,25.0,-0.029347954774243748
C. elegans,RMDL,-0.002428880623637,26,0.3733656436131191,0.059394912417754,0.9849602606250734,0.9849602606250734,1,sensorimotor output,head motor / command,0.059394912417754,signed_PostDCA,3,sensorimotor output,26.0,-0.002428880623637037
C. elegans,OLQVL,-0.048854043843316,7,0.3733040284769133,-0.0640467284785841,1.1522735251549137,1.1522735251549137,0,sensory input,mechanosensory,-0.0640467284785841,signed_PostDCA,2,other sensory,7.0,-0.048854043843316
C. elegans,RMEL,0.0233703309079851,4,0.3729178332574723,0.0299403921694242,1.206894611334205,1.206894611334205,1,sensorimotor output,head motor / command,0.0299403921694242,signed_PostDCA,3,sensorimotor output,4.0,0.023370330907985175
C. elegans,SMDVL,-0.0027890397590147,17,0.3722961878975545,0.0353375882419749,1.1500043900545958,1.1500043900545958,1,sensorimotor output,head motor / command,0.0353375882419749,signed_PostDCA,3,sensorimotor output,17.0,-0.0027890397590147786
C. elegans,OLQDL,-0.0193252448426388,10,0.3717282314424913,-0.0326671478443268,1.044455240180571,1.044455240180571,0,sensory input,mechanosensory,-0.0326671478443268,signed_PostDCA,2,other sensory,10.0,-0.01932524484263887
C. elegans,AVAL,-0.0090034062082857,42,0.3713074619127138,-0.0295817709980234,0.9531506706687886,0.9531506706687886,1,sensorimotor output,locomotor command interneuron,-0.0295817709980234,signed_PostDCA,3,sensorimotor output,42.0,-0.009003406208285773
C. elegans,RIVL,-0.000529334873281,10,0.3703209061685168,-0.01428840361736,0.997230902250066,0.997230902250066,1,sensorimotor output,head motor / command,-0.01428840361736,signed_PostDCA,3,sensorimotor output,10.0,-0.0005293348732810482
C. elegans,ASGL,0.0035099844373061,4,0.3692082883865347,-0.005239233925971,0.8773969832466972,0.8773969832466972,0,sensory input,chemosensory,-0.005239233925971,signed_PostDCA,0,olfactory / chemosensory,4.0,0.0035099844373061503
C. elegans,AVEL,-0.047074819879594,20,0.3686034438456281,-0.0709595308692543,0.6126277611952423,0.6126277611952423,1,sensorimotor output,locomotor command interneuron,-0.0709595308692543,signed_PostDCA,3,sensorimotor output,20.0,-0.04707481987959409
C. elegans,AIBR,-0.0003540215982086,25,0.368490605860843,-0.018654001099111,0.8820471275512428,0.8820471275512428,3,associative / learning,associative interneuron,-0.018654001099111,signed_PostDCA,5,associative / learning,25.0,-0.0003540215982086872
C. elegans,RIBL,-0.0039140295064979,17,0.3682373099953809,-0.0017944493823752,1.0562991765375076,1.0562991765375076,3,associative / learning,associative interneuron,-0.0017944493823752,signed_PostDCA,5,associative / learning,17.0,-0.003914029506497919
C. elegans,ASER,0.0222783088467986,17,0.3678751214799775,0.0341258340724581,0.7767642771058964,0.7767642771058964,0,sensory input,chemosensory,0.0341258340724581,signed_PostDCA,0,olfactory / chemosensory,17.0,0.022278308846798652
C. elegans,AIBL,-0.0050830114431454,22,0.3669500757456529,-0.0362443906814683,0.9811485212148382,0.9811485212148382,3,associative / learning,associative interneuron,-0.0362443906814683,signed_PostDCA,5,associative / learning,22.0,-0.005083011443145495
C. elegans,RMER,0.0305115326022739,2,0.3665676138667036,0.0352811430380435,0.8615438524198483,0.8615438524198483,1,sensorimotor output,head motor / command,0.0352811430380435,signed_PostDCA,3,sensorimotor output,2.0,0.030511532602273902
C. elegans,RIMR,-0.032417229178082,21,0.3662116515377592,-0.043059513472717,0.9796523400915012,0.9796523400915012,4,state-dependent / modulatory,state-modulatory interneuron,-0.043059513472717,signed_PostDCA,6,state-dependent / modulatory,21.0,-0.032417229178082055
C. elegans,RIVR,-0.0199744128282836,13,0.3661825565950331,0.0019053193605542,0.876074376911276,0.876074376911276,1,sensorimotor output,head motor / command,0.0019053193605542,signed_PostDCA,3,sensorimotor output,13.0,-0.019974412828283643
C. elegans,ASKL,0.0022529987243654,5,0.3658687676584213,-0.0047926839170861,0.5828654075667257,0.5828654075667257,0,sensory input,other sensory neuron,-0.0047926839170861,signed_PostDCA,2,other sensory,5.0,0.00225299872436542
C. elegans,IL1VR,-0.0312176042960224,8,0.3653855047800126,-0.115110472722582,0.9773081250372956,0.9773081250372956,0,sensory input,mechanosensory,-0.115110472722582,signed_PostDCA,2,other sensory,8.0,-0.031217604296022425
C. elegans,AWAL,0.0328311624613653,8,0.3646351405315848,0.0234944405480528,0.5762403946624005,0.5762403946624005,0,sensory input,chemosensory,0.0234944405480528,signed_PostDCA,0,olfactory / chemosensory,8.0,0.03283116246136539
C. elegans,RMEV,-0.0667890749393892,8,0.3645377102612743,-0.0497425749578728,0.8770372523427571,0.8770372523427571,1,sensorimotor output,head motor / command,-0.0497425749578728,signed_PostDCA,3,sensorimotor output,8.0,-0.0667890749393892
C. elegans,AIMR,-0.0045171434611323,22,0.3643574135103361,0.006319478465967,0.7860068505129321,0.7860068505129321,3,associative / learning,associative interneuron,0.006319478465967,signed_PostDCA,5,associative / learning,22.0,-0.004517143461132358
C. elegans,AVAR,-0.0109863986079708,44,0.3637421682700808,-0.0148945580873344,0.6793322880147115,0.6793322880147115,1,sensorimotor output,locomotor command interneuron,-0.0148945580873344,signed_PostDCA,3,sensorimotor output,44.0,-0.010986398607970826
C. elegans,AVKL,0.0121216358374195,15,0.363661142416298,0.0133027442023605,0.7325166341555567,0.7325166341555567,2,integrative relay,integrative interneuron,0.0133027442023605,signed_PostDCA,4,integrative relay,15.0,0.01212163583741952
C. elegans,RIML,-0.0326903005628162,24,0.3633512640140533,-0.0410927478715281,1.033370210717337,1.033370210717337,4,state-dependent / modulatory,state-modulatory interneuron,-0.0410927478715281,signed_PostDCA,6,state-dependent / modulatory,24.0,-0.03269030056281629
C. elegans,AVER,-0.0262865614073447,25,0.362536651788171,-0.1345850558722683,0.6490924362642085,0.6490924362642085,1,sensorimotor output,locomotor command interneuron,-0.1345850558722683,signed_PostDCA,3,sensorimotor output,25.0,-0.02628656140734476
C. elegans,IL1R,-0.0691188102619244,12,0.3605550462276384,-0.1190846052040121,0.9045791661704076,0.9045791661704076,0,sensory input,mechanosensory,-0.1190846052040121,signed_PostDCA,2,other sensory,12.0,-0.06911881026192442
C. elegans,ASHL,-0.0153671983016261,20,0.3597861880175925,-0.0173948774511532,0.6738876331718797,0.6738876331718797,0,sensory input,chemosensory,-0.0173948774511532,signed_PostDCA,0,olfactory / chemosensory,20.0,-0.015367198301626134
C. elegans,SAADL,-0.0375131256027923,14,0.3592961685042783,-0.1010687288441655,0.4228558155914764,0.4228558155914764,1,sensorimotor output,other interneuron,-0.1010687288441655,signed_PostDCA,3,sensorimotor output,14.0,-0.037513125602792345
C. elegans,RIBR,-0.0123319393493034,20,0.35840522249037,-0.0082841723681434,1.0345687486246304,1.0345687486246304,3,associative / learning,associative interneuron,-0.0082841723681434,signed_PostDCA,5,associative / learning,20.0,-0.012331939349303416
C. elegans,OLLL,-0.0440926607851086,14,0.3580289779998295,-0.0479790230159389,0.6043314415104001,0.6043314415104001,0,sensory input,other sensory neuron,-0.0479790230159389,signed_PostDCA,2,other sensory,14.0,-0.044092660785108664
C. elegans,ASIR,0.0111863128466387,12,0.3564426943021062,0.0078253633617394,0.4849856275222814,0.4849856275222814,0,sensory input,chemosensory,0.0078253633617394,signed_PostDCA,0,olfactory / chemosensory,12.0,0.011186312846638726
C. elegans,ASEL,0.0361274540144225,17,0.3558329398351027,0.0406559890302322,0.5999583936775703,0.5999583936775703,0,sensory input,chemosensory,0.0406559890302322,signed_PostDCA,0,olfactory / chemosensory,17.0,0.03612745401442257
C. elegans,RIH,0.0269039990025486,29,0.3553688125370224,0.0518737270452255,0.4543163228650999,0.4543163228650999,2,integrative relay,integrative interneuron,0.0518737270452255,signed_PostDCA,4,integrative relay,29.0,0.02690399900254866
C. elegans,OLLR,-0.0338562807245519,21,0.3552261822478234,-0.0655555465092243,0.4679520859572197,0.4679520859572197,0,sensory input,other sensory neuron,-0.0655555465092243,signed_PostDCA,2,other sensory,21.0,-0.03385628072455197
C. elegans,SMBVR,0.0201272502376959,14,0.3551667481069022,0.0171129176168821,0.720566827203706,0.720566827203706,1,sensorimotor output,head motor / command,0.0171129176168821,signed_PostDCA,3,sensorimotor output,14.0,0.020127250237695914
C. elegans,OLQVR,0.0238737377445504,9,0.354593484297119,0.0031116311161349,0.3974154971940922,0.3974154971940922,0,sensory input,mechanosensory,0.0031116311161349,signed_PostDCA,2,other sensory,9.0,0.023873737744550465
C. elegans,IL1L,-0.0458644461343224,12,0.3545102878121302,-0.1317128809018447,0.3664802206317709,0.3664802206317709,0,sensory input,mechanosensory,-0.1317128809018447,signed_PostDCA,2,other sensory,12.0,-0.045864446134322466
C. elegans,SMDDL,0.0076062384142425,19,0.3540710862406407,0.0352876123337124,0.4548987190159245,0.4548987190159245,1,sensorimotor output,head motor / command,0.0352876123337124,signed_PostDCA,3,sensorimotor output,19.0,0.007606238414242547
C. elegans,URYVL,-0.0004507001235345,22,0.3534950362461274,-0.050768606334913,0.3340720082360938,0.3340720082360938,0,sensory input,other sensory neuron,-0.050768606334913,signed_PostDCA,2,other sensory,22.0,-0.0004507001235345807
C. elegans,RMED,-0.0887213926728315,4,0.353374317071198,-0.1161553818148787,0.3662126499559935,0.3662126499559935,1,sensorimotor output,head motor / command,-0.1161553818148787,signed_PostDCA,3,sensorimotor output,4.0,-0.08872139267283155
C. elegans,SMDVR,-0.023751738056339,16,0.3524284855523643,0.0272627736396793,0.4941198092821146,0.4941198092821146,1,sensorimotor output,head motor / command,0.0272627736396793,signed_PostDCA,3,sensorimotor output,16.0,-0.023751738056339025
C. elegans,AWCL,-0.0113537954917313,14,0.3522118805826735,0.0358871084858854,0.3811994243559774,0.3811994243559774,0,sensory input,chemosensory,0.0358871084858854,signed_PostDCA,0,olfactory / chemosensory,14.0,-0.011353795491731314
C. elegans,IL1DR,-0.0232297486415149,9,0.3518539766122726,-0.0867933481889604,0.336274529306921,0.336274529306921,0,sensory input,mechanosensory,-0.0867933481889604,signed_PostDCA,2,other sensory,9.0,-0.023229748641514978
C. elegans,ADLR,-0.0054721758688822,25,0.3504312155228328,-0.0163826686176243,0.3055545828186178,0.3055545828186178,0,sensory input,chemosensory,-0.0163826686176243,signed_PostDCA,0,olfactory / chemosensory,25.0,-0.005472175868882251
C. elegans,RIR,0.0391485944561385,26,0.3497767747231379,0.0444727599698452,0.4412472230242808,0.4412472230242808,2,integrative relay,integrative interneuron,0.0444727599698452,signed_PostDCA,4,integrative relay,26.0,0.039148594456138504
C. elegans,AWBL,0.0180632680835219,16,0.3496812336769264,0.0439161015987454,0.2047008282547995,0.2047008282547995,0,sensory input,chemosensory,0.0439161015987454,signed_PostDCA,0,olfactory / chemosensory,16.0,0.018063268083521967
C. elegans,OLQDR,0.0074742458302321,8,0.3490827651493454,-0.0663809698349078,0.2260494381273295,0.2260494381273295,0,sensory input,mechanosensory,-0.0663809698349078,signed_PostDCA,2,other sensory,8.0,0.007474245830232175
C. elegans,IL2R,0.0218162728915186,15,0.348731709966598,0.0348992853034019,0.0582789090686981,0.0582789090686981,0,sensory input,mechanosensory,0.0348992853034019,signed_PostDCA,2,other sensory,15.0,0.02181627289151864
C. elegans,ASKR,0.0082803298417684,12,0.3484460807444399,-0.0025467418219997,-0.111505099651864,-0.111505099651864,0,sensory input,other sensory neuron,-0.0025467418219997,signed_PostDCA,2,other sensory,12.0,0.008280329841768441
C. elegans,SAAVL,-0.0265608976785956,20,0.3481048315072776,-0.1512837405952934,0.0230766114130068,0.0230766114130068,1,sensorimotor output,other interneuron,-0.1512837405952934,signed_PostDCA,3,sensorimotor output,20.0,-0.026560897678595673
C. elegans,ADLL,-0.0151838735980534,24,0.3476909634705747,-0.0220011079190079,-0.239247555449999,-0.239247555449999,0,sensory input,chemosensory,-0.0220011079190079,signed_PostDCA,0,olfactory / chemosensory,24.0,-0.015183873598053454
C. elegans,URYDL,-0.0560074658603932,11,0.3472435338737615,-0.1082198964317172,0.0412032610255655,0.0412032610255655,0,sensory input,other sensory neuron,-0.1082198964317172,signed_PostDCA,2,other sensory,11.0,-0.05600746586039322
C. elegans,AINL,-0.0050875362648879,14,0.3467973651175783,-0.0027406274381846,0.364216525156013,0.364216525156013,3,associative / learning,associative interneuron,-0.0027406274381846,signed_PostDCA,5,associative / learning,14.0,-0.005087536264887936
C. elegans,RMDR,-0.0016450748860082,13,0.3467046481776618,0.0535552292500498,-0.1332431479505051,-0.1332431479505051,1,sensorimotor output,head motor / command,0.0535552292500498,signed_PostDCA,3,sensorimotor output,13.0,-0.0016450748860082887
C. elegans,ASGR,0.018622005888566,5,0.3453050980281514,-0.0032007243294031,0.2448407951202664,0.2448407951202664,0,sensory input,chemosensory,-0.0032007243294031,signed_PostDCA,0,olfactory / chemosensory,5.0,0.01862200588856608
C. elegans,SAADR,-0.0487874982348569,15,0.3438771251058332,-0.1204589684187786,0.2322001526469293,0.2322001526469293,1,sensorimotor output,other interneuron,-0.1204589684187786,signed_PostDCA,3,sensorimotor output,15.0,-0.04878749823485693
C. elegans,RIAL,-0.0479246377632524,27,0.3437955063724806,-0.1068063283929411,-0.135090286859046,-0.135090286859046,3,associative / learning,associative interneuron,-0.1068063283929411,signed_PostDCA,5,associative / learning,27.0,-0.04792463776325248
C. elegans,SMDDR,0.0077542314187873,18,0.3423127117237994,0.0087023418880462,0.2208586436124091,0.2208586436124091,1,sensorimotor output,head motor / command,0.0087023418880462,signed_PostDCA,3,sensorimotor output,18.0,0.00775423141878734
C. elegans,IL1VL,-0.0295704490231313,9,0.3422299283485191,-0.1106772305974841,-0.0340689282916831,-0.0340689282916831,0,sensory input,mechanosensory,-0.1106772305974841,signed_PostDCA,2,other sensory,9.0,-0.029570449023131377
C. elegans,AIYR,0.0299014526617352,14,0.3412661090469169,0.0538733599112803,-0.1312169578002816,-0.1312169578002816,3,associative / learning,associative interneuron,0.0538733599112803,signed_PostDCA,5,associative / learning,14.0,0.02990145266173529
C. elegans,URXL,0.0109274816414576,23,0.3411785845952754,0.0381057915407909,-0.0922453345713533,-0.0922453345713533,0,sensory input,thermo/gas sensory,0.0381057915407909,signed_PostDCA,2,other sensory,23.0,0.010927481641457688
C. elegans,URYDR,-0.0433926912442451,14,0.3402787878954743,-0.0869393635161708,-0.2085975773899617,-0.2085975773899617,0,sensory input,other sensory neuron,-0.0869393635161708,signed_PostDCA,2,other sensory,14.0,-0.04339269124424514
C. elegans,RMDVL,-0.0207076983089776,11,0.3373869721321716,-0.1382482450584931,-0.248109221383357,-0.248109221383357,1,sensorimotor output,head motor / command,-0.1382482450584931,signed_PostDCA,3,sensorimotor output,11.0,-0.02070769830897769
C. elegans,IL1DL,-0.0596184985215909,7,0.3369346906485412,-0.0470399069015458,-0.290695203170446,-0.290695203170446,0,sensory input,mechanosensory,-0.0470399069015458,signed_PostDCA,2,other sensory,7.0,-0.05961849852159095
C. elegans,AUAL,0.0031044966439478,12,0.3367137387406114,-0.0233954949985874,-0.2375001825649381,-0.2375001825649381,3,associative / learning,associative interneuron,-0.0233954949985874,signed_PostDCA,5,associative / learning,12.0,0.003104496643947833
C. elegans,RMDDL,-0.0104403065291283,9,0.3340769569046931,-0.0754488343026982,-0.4266990564743954,-0.4266990564743954,1,sensorimotor output,head motor / command,-0.0754488343026982,signed_PostDCA,3,sensorimotor output,9.0,-0.010440306529128323
C. elegans,URBR,0.0152949606897977,24,0.3312190338559746,0.0219748405314457,-0.4622202745889068,-0.4622202745889068,2,integrative relay,other interneuron,0.0219748405314457,signed_PostDCA,4,integrative relay,24.0,0.015294960689797799
C. elegans,ALA,-0.0223648780023745,7,0.33085458119846,-0.0440910493247112,-0.3667136375340386,-0.3667136375340386,4,state-dependent / modulatory,state-modulatory interneuron,-0.0440910493247112,signed_PostDCA,6,state-dependent / modulatory,7.0,-0.022364878002374584
C. elegans,RICL,-0.0370792756481139,20,0.3305586784404383,-0.1487716846368256,-0.5805296414732438,-0.5805296414732438,4,state-dependent / modulatory,state-modulatory interneuron,-0.1487716846368256,signed_PostDCA,6,state-dependent / modulatory,20.0,-0.03707927564811396
C. elegans,AWCR,0.0268865366914021,17,0.3304063149027885,0.0309666411000357,-0.358798074346615,-0.358798074346615,0,sensory input,chemosensory,0.0309666411000357,signed_PostDCA,0,olfactory / chemosensory,17.0,0.02688653669140213
C. elegans,IL2L,0.0078218222416895,13,0.3302725772632353,0.0214399059599486,-0.5413112599527531,-0.5413112599527531,0,sensory input,mechanosensory,0.0214399059599486,signed_PostDCA,2,other sensory,13.0,0.00782182224168953
C. elegans,AINR,0.0102681909470354,17,0.3297581771604672,0.0050045042788847,-0.4216258862265929,-0.4216258862265929,3,associative / learning,associative interneuron,0.0050045042788847,signed_PostDCA,5,associative / learning,17.0,0.0102681909470354
C. elegans,CEPDL,0.0094096236578151,26,0.3296426373461737,0.0018778648141152,-0.5279938050716838,-0.5279938050716838,0,sensory input,mechanosensory,0.0018778648141152,signed_PostDCA,2,other sensory,26.0,0.009409623657815187
C. elegans,AVL,0.0019548655687222,18,0.3288963671533629,-0.0069589402806569,-0.1539672773458583,-0.1539672773458583,2,integrative relay,other interneuron,-0.0069589402806569,signed_PostDCA,4,integrative relay,18.0,0.0019548655687222495
C. elegans,AVKR,-0.0142689459503524,17,0.3286222601610877,-0.0135462210341531,0.1289578386435944,0.1289578386435944,2,integrative relay,integrative interneuron,-0.0135462210341531,signed_PostDCA,4,integrative relay,17.0,-0.014268945950352465
C. elegans,SAAVR,-0.0267849834536863,14,0.3284400070992513,-0.1553687869686358,-0.0947303247555859,-0.0947303247555859,1,sensorimotor output,other interneuron,-0.1553687869686358,signed_PostDCA,3,sensorimotor output,14.0,-0.026784983453686326
C. elegans,AVBR,-0.0440975431218179,19,0.3282464458072793,-0.1595382746962184,0.1153840283642345,0.1153840283642345,1,sensorimotor output,locomotor command interneuron,-0.1595382746962184,signed_PostDCA,3,sensorimotor output,19.0,-0.04409754312181797
C. elegans,IL2VR,0.0064151889432239,14,0.3275475217451253,0.0041169460878454,-0.6951096324652956,-0.6951096324652956,0,sensory input,mechanosensory,0.0041169460878454,signed_PostDCA,2,other sensory,14.0,0.00641518894322392
C. elegans,AUAR,-0.0001819163474428,10,0.3274902236394654,0.0397360446297983,-0.1618779789119584,-0.1618779789119584,3,associative / learning,associative interneuron,0.0397360446297983,signed_PostDCA,5,associative / learning,10.0,-0.0001819163474428856
C. elegans,ADAR,-0.0212562203973925,18,0.3270550377194187,-0.0456181331762736,-1.1131455752456976,-1.1131455752456976,2,integrative relay,other interneuron,-0.0456181331762736,signed_PostDCA,4,integrative relay,18.0,-0.021256220397392597
C. elegans,URBL,0.0075257794278955,17,0.32699685907927,0.0151356690304579,-0.4708821787532142,-0.4708821787532142,2,integrative relay,other interneuron,0.0151356690304579,signed_PostDCA,4,integrative relay,17.0,0.0075257794278955886
C. elegans,AWBR,0.039836227483604,15,0.3267566902921516,0.0412973584883009,-0.6363961913476046,-0.6363961913476046,0,sensory input,chemosensory,0.0412973584883009,signed_PostDCA,0,olfactory / chemosensory,15.0,0.03983622748360401
C. elegans,URXR,-0.0079620117261089,26,0.3260604476420717,0.0304554844923096,-0.6372974753910494,-0.6372974753910494,0,sensory input,thermo/gas sensory,0.0304554844923096,signed_PostDCA,2,other sensory,26.0,-0.00796201172610896
C. elegans,CEPVL,0.0016477725936754,21,0.3255136225564881,0.008011582336464,-0.6287699083132322,-0.6287699083132322,0,sensory input,mechanosensory,0.008011582336464,signed_PostDCA,2,other sensory,21.0,0.0016477725936754717
C. elegans,URYVR,-0.0441671247724882,16,0.3254734578890412,-0.0965866123587528,-0.3294070467994306,-0.3294070467994306,0,sensory input,other sensory neuron,-0.0965866123587528,signed_PostDCA,2,other sensory,16.0,-0.04416712477248821
C. elegans,URAVL,-0.0226379475273347,12,0.3251138994307036,-0.0316193482880172,-1.038814546608589,-1.038814546608589,1,sensorimotor output,other motor neuron,-0.0316193482880172,signed_PostDCA,3,sensorimotor output,12.0,-0.022637947527334747
C. elegans,AQR,-0.0160562389523927,19,0.3250557021586057,-0.0209444244297973,-0.5066244403314731,-0.5066244403314731,0,sensory input,thermo/gas sensory,-0.0209444244297973,signed_PostDCA,2,other sensory,19.0,-0.016056238952392787
C. elegans,ADAL,-0.0273022558068137,21,0.3248013011434271,-0.0506460303835138,-0.5645734043288303,-0.5645734043288303,2,integrative relay,other interneuron,-0.0506460303835138,signed_PostDCA,4,integrative relay,21.0,-0.0273022558068137
C. elegans,AWAR,0.0173279800160582,13,0.3247676909728038,0.0178208159686248,-0.4659730577520273,-0.4659730577520273,0,sensory input,chemosensory,0.0178208159686248,signed_PostDCA,0,olfactory / chemosensory,13.0,0.01732798001605823
C. elegans,RMDVR,-0.0168665323855539,12,0.3231859047141459,-0.1408615511985975,-0.7670583706691313,-0.7670583706691313,1,sensorimotor output,head motor / command,-0.1408615511985975,signed_PostDCA,3,sensorimotor output,12.0,-0.01686653238555395
C. elegans,RIAR,-0.0570443320566059,25,0.3229675677686889,-0.1128020250203805,-0.9000943161439778,-0.9000943161439778,3,associative / learning,associative interneuron,-0.1128020250203805,signed_PostDCA,5,associative / learning,25.0,-0.05704433205660595
C. elegans,RMDDR,-0.1910564590569724,3,0.3219758324174668,-0.1916640041512533,-0.8017471487953932,-0.8017471487953932,1,sensorimotor output,head motor / command,-0.1916640041512533,signed_PostDCA,3,sensorimotor output,3.0,-0.19105645905697244
C. elegans,AIYL,0.0224436678838991,12,0.3212578520577572,0.0387711934053101,-0.7231062055225451,-0.7231062055225451,3,associative / learning,associative interneuron,0.0387711934053101,signed_PostDCA,5,associative / learning,12.0,0.022443667883899166
C. elegans,IL2DR,0.0109674836151702,12,0.3206479261807062,-0.000330936826991,-0.7618633025286567,-0.7618633025286567,0,sensory input,mechanosensory,-0.000330936826991,signed_PostDCA,2,other sensory,12.0,0.010967483615170207
C. elegans,CEPVR,0.019728997514831,21,0.3201911448629372,0.0209005380391964,-0.5960980289885239,-0.5960980289885239,0,sensory input,mechanosensory,0.0209005380391964,signed_PostDCA,2,other sensory,21.0,0.019728997514831096
C. elegans,URAVR,-0.0081379445836778,13,0.3192043836776416,-0.0013509457379679,-0.976791306592615,-0.976791306592615,1,sensorimotor output,other motor neuron,-0.0013509457379679,signed_PostDCA,3,sensorimotor output,13.0,-0.008137944583677798
C. elegans,AIZL,0.0131274884077913,20,0.318904430404514,0.0204181099660161,-0.8896008985456061,-0.8896008985456061,3,associative / learning,associative interneuron,0.0204181099660161,signed_PostDCA,5,associative / learning,20.0,0.013127488407791335
C. elegans,FLPL,-0.0305797100368861,16,0.3186063030842768,-0.1149491501054033,-0.8686396013499773,-0.8686396013499773,0,sensory input,mechanosensory,-0.1149491501054033,signed_PostDCA,2,other sensory,16.0,-0.030579710036886143
C. elegans,AVJL,-0.0325456826774876,15,0.3174006222405808,-0.0429685802419464,-1.0183124792536458,-1.0183124792536458,2,integrative relay,other interneuron,-0.0429685802419464,signed_PostDCA,4,integrative relay,15.0,-0.03254568267748761
C. elegans,ADEL,-0.0007185744250504,34,0.316120710667399,-0.03157723490657,-0.9594206912803368,-0.9594206912803368,0,sensory input,other sensory neuron,-0.03157723490657,signed_PostDCA,2,other sensory,34.0,-0.0007185744250504786
C. elegans,RICR,-0.0426388898782853,22,0.3160675263919945,-0.125830984124138,-0.9067290125922598,-0.9067290125922598,4,state-dependent / modulatory,state-modulatory interneuron,-0.125830984124138,signed_PostDCA,6,state-dependent / modulatory,22.0,-0.04263888987828533
C. elegans,ADER,0.0039778144613493,25,0.3155816422261802,-0.0379609791744908,-1.2232546837023324,-1.2232546837023324,0,sensory input,other sensory neuron,-0.0379609791744908,signed_PostDCA,2,other sensory,25.0,0.0039778144613493195
C. elegans,CEPDR,0.0127438209642793,21,0.3147093423826473,0.0292962675616043,-1.0336978149852607,-1.0336978149852607,0,sensory input,mechanosensory,0.0292962675616043,signed_PostDCA,2,other sensory,21.0,0.012743820964279314
C. elegans,AVHL,-0.0136727071950585,23,0.3144531813941563,-0.0037987991755094,-1.5393466206490338,-1.5393466206490338,2,integrative relay,other interneuron,-0.0037987991755094,signed_PostDCA,4,integrative relay,23.0,-0.013672707195058564
C. elegans,IL2DL,-0.0005091720838368,13,0.3132455031122126,-0.0110232982195794,-1.0430143798119822,-1.0430143798119822,0,sensory input,mechanosensory,-0.0110232982195794,signed_PostDCA,2,other sensory,13.0,-0.0005091720838368647
C. elegans,IL2VL,0.0274348750019817,12,0.311235762491953,0.0085666374188124,-1.204093230845751,-1.204093230845751,0,sensory input,mechanosensory,0.0085666374188124,signed_PostDCA,2,other sensory,12.0,0.027434875001981773
C. elegans,URADR,0.0109369227897074,4,0.3096736337063525,-0.0164230688380995,-1.6302583024171546,-1.6302583024171546,1,sensorimotor output,other motor neuron,-0.0164230688380995,signed_PostDCA,3,sensorimotor output,4.0,0.010936922789707424
C. elegans,AVDL,-0.0340128861881522,24,0.3095323271643111,-0.1976308639164232,-1.1411070088143918,-1.1411070088143918,1,sensorimotor output,locomotor command interneuron,-0.1976308639164232,signed_PostDCA,3,sensorimotor output,24.0,-0.03401288618815226
C. elegans,AIZR,0.0074411562561391,16,0.3091980115503724,0.020458202282866,-1.3167952854281442,-1.3167952854281442,3,associative / learning,associative interneuron,0.020458202282866,signed_PostDCA,5,associative / learning,16.0,0.007441156256139194
C. elegans,FLPR,-0.0277069971790418,17,0.3091522883807622,-0.0595770609716446,-1.3991211090469498,-1.3991211090469498,0,sensory input,mechanosensory,-0.0595770609716446,signed_PostDCA,2,other sensory,17.0,-0.027706997179041862
C. elegans,AVJR,-0.047615373283469,15,0.3085079288873576,-0.069185953467657,-1.2501322912349255,-1.2501322912349255,2,integrative relay,other interneuron,-0.069185953467657,signed_PostDCA,4,integrative relay,15.0,-0.047615373283469056
C. elegans,URADL,0.0119359310128556,4,0.3081655682081544,-0.006445655224464,-1.7373366046987515,-1.7373366046987515,1,sensorimotor output,other motor neuron,-0.006445655224464,signed_PostDCA,3,sensorimotor output,4.0,0.011935931012855647
C. elegans,RMGL,-0.0320237178147952,30,0.3073974379131809,-0.064570897442933,-1.184630788789381,-1.184630788789381,4,state-dependent / modulatory,state-modulatory interneuron,-0.064570897442933,signed_PostDCA,6,state-dependent / modulatory,30.0,-0.032023717814795245
C. elegans,AVDR,-0.0226759697583285,28,0.3023396477586539,-0.2185806460870022,-1.3811287570778246,-1.3811287570778246,1,sensorimotor output,locomotor command interneuron,-0.2185806460870022,signed_PostDCA,3,sensorimotor output,28.0,-0.02267596975832851
Drosophila,MB_R,-0.0742603258856521,7763,0.2786621343203507,-0.1252192110285077,1.3794403283095764,1.3794403283095764,3,associative / learning,mushroom body,-0.1252192110285077,signed_PostDCA,5,associative / learning,5000.0,-0.07220499493333093
Drosophila,MB_L,-0.0373518893082673,10026,0.2782836257019559,-0.0569564167101986,1.2157617467542443,1.2157617467542443,3,associative / learning,mushroom body,-0.0569564167101986,signed_PostDCA,5,associative / learning,5000.0,-0.04094360480152467
Drosophila,VES_L,-0.0009923940224907,8257,0.27738283725128,0.0055564777536826,0.8366528757127654,0.8366528757127654,1,sensorimotor output,premotor / descending interface,0.0055564777536826,signed_PostDCA,3,sensorimotor output,5000.0,-0.0005797868125399427
Drosophila,VES_R,-0.0066520044534365,7822,0.2773233551297182,-0.0027180829781906,0.8087896393471746,0.8087896393471746,1,sensorimotor output,premotor / descending interface,-0.0027180829781906,signed_PostDCA,3,sensorimotor output,5000.0,-0.007066474937318492
Drosophila,LAL_L,0.008281479688152,13857,0.2772695805019357,0.0158525861949458,0.918419982558086,0.918419982558086,1,sensorimotor output,premotor / descending interface,0.0158525861949458,signed_PostDCA,3,sensorimotor output,5000.0,0.009132598002042512
Drosophila,CRE_R,-0.004829537419193,11266,0.2761286420770891,-0.0242509560105475,0.7748557473315941,0.7748557473315941,2,integrative relay,lateral/inferior protocerebrum,-0.0242509560105475,signed_PostDCA,4,integrative relay,5000.0,-0.004597091089333547
Drosophila,AL_R,0.0332974325876669,20673,0.2753235577173548,0.0561545807743888,0.7249775752600252,0.7249775752600252,0,sensory input,olfactory system,0.0561545807743888,signed_PostDCA,0,olfactory / chemosensory,5000.0,0.03373316701018828
Drosophila,CRE_L,0.0052832194866481,14276,0.2752349079404297,-0.0049864930875445,0.3432237134493848,0.3432237134493848,2,integrative relay,lateral/inferior protocerebrum,-0.0049864930875445,signed_PostDCA,4,integrative relay,5000.0,0.004858339358369477
Drosophila,ATL_R,-0.0132009485605042,249,0.2749467370669525,-0.0228575836458514,0.6319591694010658,0.6319591694010658,2,integrative relay,lateral/inferior protocerebrum,-0.0228575836458514,signed_PostDCA,4,integrative relay,249.0,-0.013200948560504291
Drosophila,LAL_R,-0.0026896422461451,9999,0.2748231912483635,-0.009054463137215,0.3848693362637759,0.3848693362637759,1,sensorimotor output,premotor / descending interface,-0.009054463137215,signed_PostDCA,3,sensorimotor output,5000.0,-0.0025327661328347828
Drosophila,LH_L,0.0043339951333399,23472,0.2747266170786009,0.0073878421151655,0.1724252134415787,0.1724252134415787,0,sensory input,olfactory system,0.0073878421151655,signed_PostDCA,0,olfactory / chemosensory,5000.0,0.0037643604677448273
Drosophila,SIP_R,-0.0138405920516761,2776,0.2746739210036054,-0.0268607093638766,0.3018610323973384,0.3018610323973384,2,integrative relay,superior protocerebrum,-0.0268607093638766,signed_PostDCA,4,integrative relay,2776.0,-0.013840592051676103
Drosophila,ATL_L,-0.0106494154292097,439,0.274594540742548,-0.0252259685261034,0.3901422393285816,0.3901422393285816,2,integrative relay,lateral/inferior protocerebrum,-0.0252259685261034,signed_PostDCA,4,integrative relay,439.0,-0.010649415429209767
Drosophila,SIP_L,0.0025026503379107,3372,0.2745508119257009,0.010544627094206,0.1250737807113476,0.1250737807113476,2,integrative relay,superior protocerebrum,0.010544627094206,signed_PostDCA,4,integrative relay,3372.0,0.002502650337910785
Drosophila,WED_R,0.0016791746858184,12659,0.2744945890588167,0.0018852715074512,-0.2290629768651639,-0.2290629768651639,2,integrative relay,visual-association protocerebrum,0.0018852715074512,signed_PostDCA,4,integrative relay,5000.0,0.0024973721224585627
Drosophila,LH_R,0.0023726134784099,23627,0.273853837155412,-0.0006085538974333,0.0326400041072438,0.0326400041072438,0,sensory input,olfactory system,-0.0006085538974333,signed_PostDCA,0,olfactory / chemosensory,5000.0,0.003245362586758321
Drosophila,SMP_L,0.0037521290238859,18086,0.273822373758803,0.0110350037003574,-0.0578619940550758,-0.0578619940550758,2,integrative relay,superior protocerebrum,0.0110350037003574,signed_PostDCA,4,integrative relay,5000.0,0.004741123653595499
Drosophila,AVLP_L,-0.0025417561959022,21484,0.273778991695882,-0.0056654989765472,0.0791111966880613,0.0791111966880613,2,integrative relay,visual-association protocerebrum,-0.0056654989765472,signed_PostDCA,4,integrative relay,5000.0,-0.001351203976060938
Drosophila,PLP_L,0.0028648027492202,31214,0.2735489263155663,-0.0039640878380056,-0.0862624435604292,-0.0862624435604292,2,integrative relay,visual-association protocerebrum,-0.0039640878380056,signed_PostDCA,4,integrative relay,5000.0,0.002682758552070068
Drosophila,SLP_R,0.0005647929420553,14361,0.2730052444667763,0.003032188244531,-0.0725134776341993,-0.0725134776341993,2,integrative relay,superior protocerebrum,0.003032188244531,signed_PostDCA,4,integrative relay,5000.0,0.00046551859949451257
Drosophila,SMP_R,-9.85009173901606e-05,18678,0.2729274916525548,0.0035258651882899,-0.0823230265865063,-0.0823230265865063,2,integrative relay,superior protocerebrum,0.0035258651882899,signed_PostDCA,4,integrative relay,5000.0,0.0006821578621838064
Drosophila,IB_R,0.0058650305692708,1123,0.2727184711382253,0.0179025717583879,-0.1024174246228334,-0.1024174246228334,2,integrative relay,lateral/inferior protocerebrum,0.0179025717583879,signed_PostDCA,4,integrative relay,1123.0,0.0058650305692708885
Drosophila,PLP_R,-0.0037322921933691,19758,0.2725505199515929,-0.0210679244802576,-0.3473474756552188,-0.3473474756552188,2,integrative relay,visual-association protocerebrum,-0.0210679244802576,signed_PostDCA,4,integrative relay,5000.0,-0.0025899569822062686
Drosophila,ICL_L,0.0015380816194933,6712,0.2724809102451052,0.0042850023490588,-0.2042651029898445,-0.2042651029898445,2,integrative relay,lateral/inferior protocerebrum,0.0042850023490588,signed_PostDCA,4,integrative relay,5000.0,0.002231528706871306
Drosophila,AVLP_R,-0.0029739943449805,22414,0.2724547049385422,-0.0051064366906135,-0.2466163817892246,-0.2466163817892246,2,integrative relay,visual-association protocerebrum,-0.0051064366906135,signed_PostDCA,4,integrative relay,5000.0,-0.003974450395215676
Drosophila,ICL_R,0.000371958307921,6652,0.2723005773489785,0.0022242635918467,-0.2061071420787779,-0.2061071420787779,2,integrative relay,lateral/inferior protocerebrum,0.0022242635918467,signed_PostDCA,4,integrative relay,5000.0,0.000718089851728203
Drosophila,PVLP_L,0.00493987011184,24266,0.2721715391524906,0.0093178293041694,-0.2413766708699619,-0.2413766708699619,2,integrative relay,visual-association protocerebrum,0.0093178293041694,signed_PostDCA,4,integrative relay,5000.0,0.0056622140270459085
Drosophila,IB_L,0.0134228264824478,950,0.2720715154937995,0.028330329238535,-0.2099989978098631,-0.2099989978098631,2,integrative relay,lateral/inferior protocerebrum,0.028330329238535,signed_PostDCA,4,integrative relay,950.0,0.013422826482447851
Drosophila,SPS_L,0.0010622250134204,15370,0.272011352355162,-0.0036950516419438,-0.421700352520884,-0.421700352520884,1,sensorimotor output,premotor / descending interface,-0.0036950516419438,signed_PostDCA,3,sensorimotor output,5000.0,-0.00012318433044022835
Drosophila,SPS_R,-0.0015675214164205,16358,0.2719803083018772,-0.0038048179207285,-0.373255651599675,-0.373255651599675,1,sensorimotor output,premotor / descending interface,-0.0038048179207285,signed_PostDCA,3,sensorimotor output,5000.0,-0.0025129303022026084
Drosophila,EPA_L,0.0171847576065581,193,0.2710581616429286,0.0446293887503689,-0.5268360322386176,-0.5268360322386176,2,integrative relay,lateral/inferior protocerebrum,0.0446293887503689,signed_PostDCA,4,integrative relay,193.0,0.017184757606558108
Drosophila,EPA_R,-0.0037860545165251,136,0.2710556796121164,-0.0065737971737475,-0.1637483326089919,-0.1637483326089919,2,integrative relay,lateral/inferior protocerebrum,-0.0065737971737475,signed_PostDCA,4,integrative relay,136.0,-0.0037860545165251088
Drosophila,PVLP_R,0.0073962624567398,15082,0.270902664910236,0.0094069448566929,-0.6955508086579348,-0.6955508086579348,2,integrative relay,visual-association protocerebrum,0.0094069448566929,signed_PostDCA,4,integrative relay,5000.0,0.007185661647768785
Drosophila,ME_R,0.0004670382784192,139619,0.2696230209472877,-0.0003966732874369,-0.9372473206139296,-0.9372473206139296,0,sensory input,visual / optic,-0.0003966732874369,signed_PostDCA,1,visual / optic,5000.0,8.27648914339164e-05
Drosophila,AME_L,0.0001563938484059,425,0.2688859714524277,0.0009690628463992,-1.2426458506858151,-1.2426458506858151,0,sensory input,visual / optic,0.0009690628463992,signed_PostDCA,1,visual / optic,425.0,0.0001563938484059193
Drosophila,LO_R,0.0025808775324792,87119,0.2679576600499964,0.0041107082158664,-1.303729371754883,-1.303729371754883,0,sensory input,visual / optic,0.0041107082158664,signed_PostDCA,1,visual / optic,5000.0,0.002799298290585006
Drosophila,ME_L,-0.0016055889423689,90374,0.2668576074628267,-0.0075254645606196,-1.591635201836342,-1.591635201836342,0,sensory input,visual / optic,-0.0075254645606196,signed_PostDCA,1,visual / optic,5000.0,-0.003232512652987422
Zebrafish,rSP,0.0051565060869498,6300,0.3707708274360314,0.0054258424041367,1.4928846288262072,1.4928846288262072,3,associative / learning,subpallium,0.0054258424041367,signed_PostDCA,5,associative / learning,5000.0,0.0050433617969286035
Zebrafish,SP,0.005262859519721,6300,0.3680116091256104,0.0045493457807139,1.4260511430972735,1.4260511430972735,3,associative / learning,subpallium,0.0045493457807139,signed_PostDCA,5,associative / learning,5000.0,0.005698671974300497
Zebrafish,OB,-0.0057028947516091,240,0.3671760353642188,-0.0039293395196914,1.4196972462789414,1.4196972462789414,0,sensory input,olfactory bulb,-0.0039293395196914,signed_PostDCA,0,olfactory / chemosensory,240.0,-0.005702894751609137
Zebrafish,rP,0.0073699812505865,6300,0.3615916845407644,0.0080757533219854,1.20996313102121,1.20996313102121,3,associative / learning,pallium,0.0080757533219854,signed_PostDCA,5,associative / learning,5000.0,0.007482176273686395
Zebrafish,rOB,0.0066019193427875,74,0.3606686528908506,0.0051974446397625,1.2158989459097775,1.2158989459097775,0,sensory input,olfactory bulb,0.0051974446397625,signed_PostDCA,0,olfactory / chemosensory,74.0,0.006601919342787565
Zebrafish,P,0.0005722470967397,6300,0.3602381175127079,0.0007819844131356,1.1852730818715098,1.1852730818715098,3,associative / learning,pallium,0.0007819844131356,signed_PostDCA,5,associative / learning,5000.0,0.0007269489776758163
Zebrafish,rPO,0.0079810368220656,6300,0.3592067125583424,0.0070529594856643,1.1426701916822375,1.1426701916822375,4,state-dependent / modulatory,hypothalamic / preoptic state,0.0070529594856643,signed_PostDCA,6,state-dependent / modulatory,5000.0,0.008231084247720007
Zebrafish,rHb,0.0058759929785846,6300,0.3569570426471104,0.0060624678249321,1.1232380161850315,1.1232380161850315,4,state-dependent / modulatory,habenula,0.0060624678249321,signed_PostDCA,6,state-dependent / modulatory,5000.0,0.00573724790287522
Zebrafish,PO,0.0083695979432445,6300,0.3514208021642844,0.007651821933866,0.8939805442129278,0.8939805442129278,4,state-dependent / modulatory,hypothalamic / preoptic state,0.007651821933866,signed_PostDCA,6,state-dependent / modulatory,5000.0,0.007647792680210148
Zebrafish,rTh,-0.011532674574837,6300,0.3476003744539429,-0.0115055089491851,0.8096887284547688,0.8096887284547688,2,integrative relay,thalamic/pretectal,-0.0115055089491851,signed_PostDCA,4,integrative relay,5000.0,-0.011892790722000904
Zebrafish,MOS3,-0.0164859970392467,6300,0.3427450380559998,-0.0162184845678227,0.6806572277034678,0.6806572277034678,1,sensorimotor output,hindbrain/reticular,-0.0162184845678227,signed_PostDCA,3,sensorimotor output,5000.0,-0.016129390359906834
Zebrafish,Hb,0.0179446250599355,6300,0.3425851700633503,0.0186363567850836,0.6419454526356599,0.6419454526356599,4,state-dependent / modulatory,habenula,0.0186363567850836,signed_PostDCA,6,state-dependent / modulatory,5000.0,0.017081343905650425
Zebrafish,rPT,-0.0093743026282982,6300,0.3381307525751053,-0.0084392741875102,0.4854858813158165,0.4854858813158165,0,sensory input,pretectal visual,-0.0084392741875102,signed_PostDCA,1,visual / optic,5000.0,-0.009598688482580556
Zebrafish,rMOS3,-0.0167724987782764,6300,0.3336398480067394,-0.0172526004907137,0.3748249657450947,0.3748249657450947,1,sensorimotor output,hindbrain/reticular,-0.0172526004907137,signed_PostDCA,3,sensorimotor output,5000.0,-0.016988971972255896
Zebrafish,pRF,-0.0159320993845906,6300,0.3329161749563052,-0.0166088560731735,0.4164213061031241,0.4164213061031241,1,sensorimotor output,hindbrain/reticular,-0.0166088560731735,signed_PostDCA,3,sensorimotor output,5000.0,-0.015885534354206414
Zebrafish,rTeO,-0.020506253955119,6300,0.332032846214792,-0.0216086515834824,0.3081162353249245,0.3081162353249245,0,sensory input,optic tectum / midbrain,-0.0216086515834824,signed_PostDCA,1,visual / optic,5000.0,-0.0205359605978666
Zebrafish,rPrT,-0.0211487088263206,6300,0.3316452819795608,-0.0216094635117028,0.3137153938364703,0.3137153938364703,0,sensory input,pretectal visual,-0.0216094635117028,signed_PostDCA,1,visual / optic,5000.0,-0.02126899320587828
Zebrafish,MOS1,-0.0108814699294456,6300,0.3295841016803318,-0.011205884013935,0.2667977693514247,0.2667977693514247,1,sensorimotor output,hindbrain/reticular,-0.011205884013935,signed_PostDCA,3,sensorimotor output,5000.0,-0.010432858997014181
Zebrafish,Th,-0.0168159677572274,6300,0.3286946724177476,-0.0167647261194003,0.2069043644170553,0.2069043644170553,2,integrative relay,thalamic/pretectal,-0.0167647261194003,signed_PostDCA,4,integrative relay,5000.0,-0.016549866776263418
Zebrafish,rT,-0.0210939570812316,6300,0.3282912645901118,-0.0210318039375545,0.2180552048933446,0.2180552048933446,2,integrative relay,optic tectum / midbrain,-0.0210318039375545,signed_PostDCA,4,integrative relay,5000.0,-0.02116300495279131
Zebrafish,T,-0.0183807319348905,6300,0.327488469949286,-0.0177671344107358,0.1960879620098237,0.1960879620098237,2,integrative relay,optic tectum / midbrain,-0.0177671344107358,signed_PostDCA,4,integrative relay,5000.0,-0.01885635277308183
Zebrafish,rRa,-0.0204888226149436,6300,0.3256467983130191,-0.0211549087893076,0.0866150073912584,0.0866150073912584,4,state-dependent / modulatory,interpeduncular / raphe state,-0.0211549087893076,signed_PostDCA,6,state-dependent / modulatory,5000.0,-0.020192553140911916
Zebrafish,rMOS1,-0.0117761284252749,6300,0.3252162396870898,-0.0121947262419649,0.1317490182306997,0.1317490182306997,1,sensorimotor output,hindbrain/reticular,-0.0121947262419649,signed_PostDCA,3,sensorimotor output,5000.0,-0.012509745992122732
Zebrafish,Ra,-0.0139753594690743,6300,0.3250958442424731,-0.0135398362595772,0.0810613913881876,0.0810613913881876,4,state-dependent / modulatory,interpeduncular / raphe state,-0.0135398362595772,signed_PostDCA,6,state-dependent / modulatory,5000.0,-0.014146208556725373
Zebrafish,MOS5,-0.0102364566032683,6300,0.3245294208743777,-0.009557861466397,0.1137634841808998,0.1137634841808998,1,sensorimotor output,hindbrain/reticular,-0.009557861466397,signed_PostDCA,3,sensorimotor output,5000.0,-0.010708529921449708
Zebrafish,rpRF,-0.0071450167022872,6300,0.3229966092212405,-0.0083056579273384,0.1048085844003784,0.1048085844003784,1,sensorimotor output,hindbrain/reticular,-0.0083056579273384,signed_PostDCA,3,sensorimotor output,5000.0,-0.00714639829702211
Zebrafish,PT,-0.008120810266068,6300,0.322795893233018,-0.0075546111624817,0.0065341706216749,0.0065341706216749,0,sensory input,pretectal visual,-0.0075546111624817,signed_PostDCA,1,visual / optic,5000.0,-0.007920763615981976
Zebrafish,rMOS5,-0.0102253782376131,6300,0.3227070254352224,-0.0095760656987155,0.0316117318943054,0.0316117318943054,1,sensorimotor output,hindbrain/reticular,-0.0095760656987155,signed_PostDCA,3,sensorimotor output,5000.0,-0.0099446421173091
Zebrafish,TeO,-0.0125454652393213,6300,0.321184566564982,-0.0129117138782048,-0.0329084969859261,-0.0329084969859261,0,sensory input,optic tectum / midbrain,-0.0129117138782048,signed_PostDCA,1,visual / optic,5000.0,-0.012947010384743655
Zebrafish,PrT,-0.020298548045895,6300,0.3195078728259496,-0.0198879918570197,-0.0818643884338765,-0.0818643884338765,0,sensory input,pretectal visual,-0.0198879918570197,signed_PostDCA,1,visual / optic,5000.0,-0.021224258479237527
Zebrafish,TS,-0.0086829172404629,6300,0.3187393710390141,-0.0099806656816551,-0.1267593238598853,-0.1267593238598853,0,sensory input,optic tectum / midbrain,-0.0099806656816551,signed_PostDCA,1,visual / optic,5000.0,-0.008757513149587287
Zebrafish,MOS2,-0.0119525652226562,6300,0.3184847973253438,-0.011455358257509,-0.0495312862910291,-0.0495312862910291,1,sensorimotor output,hindbrain/reticular,-0.011455358257509,signed_PostDCA,3,sensorimotor output,5000.0,-0.011893746207954007
Zebrafish,MOS4,-0.0078009606594087,6300,0.3174002983031146,-0.0091306886283039,-0.0910045361038802,-0.0910045361038802,1,sensorimotor output,hindbrain/reticular,-0.0091306886283039,signed_PostDCA,3,sensorimotor output,5000.0,-0.007270952947108319
Zebrafish,rCb,-0.0178309347075539,6300,0.3173516428863684,-0.0188428485475228,-0.1312787685341981,-0.1312787685341981,1,sensorimotor output,cerebellar,-0.0188428485475228,signed_PostDCA,3,sensorimotor output,5000.0,-0.017857350292646
Zebrafish,Cb,-0.0146748438274527,6300,0.3153132765626386,-0.0141297184531264,-0.1874628411828071,-0.1874628411828071,1,sensorimotor output,cerebellar,-0.0141297184531264,signed_PostDCA,3,sensorimotor output,5000.0,-0.015308016852307383
Zebrafish,rMON,-0.0142159069962413,6300,0.3151442719997253,-0.0143861651136481,-0.2397272665636447,-0.2397272665636447,1,sensorimotor output,hindbrain/reticular,-0.0143861651136481,signed_PostDCA,3,sensorimotor output,5000.0,-0.014476802620520101
Zebrafish,MON,-0.0101867299566674,6300,0.3147048627913153,-0.0103798661957588,-0.2387035597487033,-0.2387035597487033,1,sensorimotor output,hindbrain/reticular,-0.0103798661957588,signed_PostDCA,3,sensorimotor output,5000.0,-0.010174034217719771
Zebrafish,aRF,-0.0155969408930485,6300,0.3140006359072503,-0.0155544822573745,-0.2179518326702192,-0.2179518326702192,1,sensorimotor output,hindbrain/reticular,-0.0155544822573745,signed_PostDCA,3,sensorimotor output,5000.0,-0.015728851696614525
Zebrafish,TL,-0.054580957963868,6300,0.3131429600676906,-0.0545503601227678,-0.2512858634262973,-0.2512858634262973,0,sensory input,optic tectum / midbrain,-0.0545503601227678,signed_PostDCA,1,visual / optic,5000.0,-0.05471412128120321
Zebrafish,rMOS4,-0.010672472448414,6300,0.3112084944032486,-0.0103345024790689,-0.2941548337268222,-0.2941548337268222,1,sensorimotor output,hindbrain/reticular,-0.0103345024790689,signed_PostDCA,3,sensorimotor output,5000.0,-0.011015826586727525
Zebrafish,rMOS2,-0.0031221437341308,6300,0.3109917860824364,-0.0021787136307454,-0.2708895955668526,-0.2708895955668526,1,sensorimotor output,hindbrain/reticular,-0.0021787136307454,signed_PostDCA,3,sensorimotor output,5000.0,-0.0029231353366919186
Zebrafish,imRF,-0.0226449828261783,6300,0.3100590899500802,-0.0231345974881956,-0.3184747678146715,-0.3184747678146715,1,sensorimotor output,hindbrain/reticular,-0.0231345974881956,signed_PostDCA,3,sensorimotor output,5000.0,-0.023016824677604252
Zebrafish,rNX,-0.0240375823228334,6300,0.3057767917003242,-0.0231380500189062,-0.429277119011305,-0.429277119011305,1,sensorimotor output,other zebrafish region,-0.0231380500189062,signed_PostDCA,3,sensorimotor output,5000.0,-0.02390095954743994
Zebrafish,NX,-0.0049532436415423,6300,0.3049761517065482,-0.0051548129889921,-0.4663358019302886,-0.4663358019302886,1,sensorimotor output,other zebrafish region,-0.0051548129889921,signed_PostDCA,3,sensorimotor output,5000.0,-0.0050366719039188065
Zebrafish,rimRF,-0.0252855614885606,6300,0.3029837656647399,-0.0248755775793752,-0.5382653082167831,-0.5382653082167831,1,sensorimotor output,hindbrain/reticular,-0.0248755775793752,signed_PostDCA,3,sensorimotor output,5000.0,-0.02550767214331749
Zebrafish,raRF,-0.0202947859693509,6300,0.2979164304441501,-0.0216037993306025,-0.7289718585622156,-0.7289718585622156,1,sensorimotor output,hindbrain/reticular,-0.0216037993306025,signed_PostDCA,3,sensorimotor output,5000.0,-0.01987301722128354
Zebrafish,rTS,-0.0082835493100196,6300,0.2964189996255964,-0.0114810305984705,-0.8017729006113566,-0.8017729006113566,0,sensory input,optic tectum / midbrain,-0.0114810305984705,signed_PostDCA,1,visual / optic,5000.0,-0.007907411126223915
